"","songlyric_sum"
"1","너를 만난 그 이후로 사소한 변화들에 행복해져 눈이 부시게 빛 나는 아침 너를 떠올리며 눈 뜨는 하루 식탁 위에 마주 앉아 너의 하루는 어땠는지 묻거나 나의 하루도 썩 괜찮았어 웃으며 대답해 주고 싶어 별것 아닌 일에 맘이 통할 때면 익숙해진 서로가 놀라웠어 널 사랑해 평온한 지금처럼만 영원하고 싶다고 너를 바라보다 생각했어 너를 만나 참 행복했어 나 이토록 사랑할 수 있었던 건 아직 어리고 모자란 내 맘 따뜻한 이해로 다 안아줘서 무심한 말투에 서로 아플 때면 차가워진 사이가 견딜 수 없어 미안해 불안한 지금이라도 영원하고 싶다고 너를 바라보다 생각했어 너를 만나 참 행복했어 나 이토록 사랑할 수 있었던 건 아직 어리고 모자란 내 맘 따뜻한 이해로 다 안아줘서 뜨거웠던 여름 지나 그리워질 빗소리에 하나 둘 수줍어 또 얼굴 붉히면 생각이 많아진 너의 눈에 입 맞출 테니 우리 함께 걸어가기로 해 나를 만나 너도 행복하니 못 해준 게 더 많아서 미안해 이기적이고 불안한 내가 너에게만은 잘하고 싶었어 오랫동안 나 기다려온 완벽한 사랑을 찾은 것 같아 날 잡아줘서 힘이 돼줘서 소중한 배려로 날 안아줘서 너를 만나"
"2","꽃이 언제 피는지 그딴 게 뭐가 중요한데 날씨가 언제 풀리는지 그딴 거 알면 뭐 할 건데 추울 땐 춥다고 붙어있고 더우면 덥다고 니네 진짜 이상해 너의 달콤한 남친은 사실 피씨방을 더 가고 싶어하지 겁나 피곤하대 봄이 그렇게도 좋냐 멍청이들아 벚꽃이 그렇게도 예쁘디 바보들아 결국 꽃잎은 떨어지지 니네도 떨어져라 몽땅 망해라 망해라 아무 문제 없는데 왜 나는 안 생기는 건데 날씨도 완전 풀렸는데 감기는 왜 또 걸리는데 추울 땐 추워서 안생기고 더우면 더워서 인생은 불공평해 너의 완벽한 연애는 아직 웃고 있지만 너도 차일거야 겁나 지독하게 봄이 그렇게도 좋냐 멍청이들아 벚꽃이 그렇게도 예쁘디 바보들아 결국 꽃잎은 떨어지지 니네도 떨어져라 몽땅 손 잡지 마 팔짱 끼지 마 끌어 안지 마 제발 아무것도 하지 좀 마 설레지 마 심쿵하지 마 행복하지 마 내 눈에 띄지 마 봄이 그렇게도 좋냐 멍청이들아 벚꽃이 그렇게도 예쁘디 바보들아 결국 꽃잎은 떨어지지 니네도 떨어져라 몽땅 망해라 망해라 망해라 망해라"
"3","Reee bye 미련 없이 손을 흔들어 Rebye Reee bye 그땐 그때 이땐 이때 Rebye 익숙해 날 오고 가는 발걸음 헤어지는 인사에 미숙해 보이는 것만큼 부끄러운 게 없는 걸 익숙해 날 보고 가는 시선들 주위 모든 여자 날 야속해 해 But Its OK 부끄러울 게 없는 걸 Oh 눈물로 보낼 필요 없어 자욱한 안개만 남을 뿐 눈물로 흘려보낸 시간이 녹아 남은 건 어디에 Reee bye 미련 없이 손을 흔들어 Rebye Reee bye 그땐 그때 이땐 이때 Rebye 뒤돌아서면 그걸로 THE END Rebye 익숙해 날 오고 가는 발걸음 헤어지는 인사에 미숙해 보이는 것만큼 부끄러운 게 없는 걸 보기 드물어진 정 찾기 힘들어 진정한 partner 놔둬 봐 진정이 안 돼 이미 상한 빈정 많이 나누는 사람이 바보라 불리는 시대를 보시게 두 손에 남은 것 손해만 흥건히 남길 바에 인사는 간단하게 간당간당하게 맘에 문은 깐깐하게 방이 좀 깜깜하네 속을 들키면 Game over 할 수 없이 널 속여 여기까지가 납니다 수상해 냄새가 납니다 Oh 눈물로 보낼 필요 없어 자욱한 안개만 남을 뿐 눈물로 흘려보낸 시간이 녹아 남은 건 어디에 Reee bye 미련 없이 손을 흔들어 Rebye Reee bye 그땐 그때 이땐 이때 Rebye 뒤돌아서면 그걸로 THE END Rebye"
"4","수많은 사람들이 지나는 이 거리에서 우리둘만 서있어 어디서부터 잘못된건지 왜 이럴 수밖에 없는지 내가 잘한건 아니야 허나 너도 좀 그래 서로 이해하고 배려했음 됐는데 잘잘못 따지는게 해결책은 아니야 서로 생각좀 해보자 우리가 헤어지던 그날 그때 너를 보내던 그날 이젠 돌이킬수 없을것 같아 사랑한다 말하던 그날 아마 앞으로는 우리 못 볼거같아 잘가 눈물은 흐르지만 웃으며 날 버리지말라고 애원도 했어 이제는 다 담아두고 싶어 차라리 그게 아름다우니 늦은밤 집에 갈때 오늘 하루 어땠는지 이젠 누구한테 털어 놓아야할지 잠이 많던 나땜에 이젠 너도 맘고생 안할거야 아마도 그럴거야 우리가 헤어지던 그날 그때 너를 보내던 그날 이젠 돌이킬수 없을것 같아 사랑한다 말하던 그날 아마 앞으로는 우리 못 볼거같아 잘가 너를 완전히 잊고 다른 누구를 만나 그럴러면 아마 꽤걸릴거야 너는 괜찮은가봐 너는 자신있나봐 그런가봐 우리가 행복했던 그날 서로 웃으며 장난친 날 그 누구가 너를 대신해 줄까 아마 앞으로는 너와 나 다신 못볼거야 너무 고마웠었어 잘가"
"5","When your legs dont work like they used to before And I cant sweep you off of your feet Will your mouth still remember the taste of my love Will your eyes still smile from your cheeks And darling I will be loving you till were 70 And baby my heart could still fall as hard at 23 And Im thinking bout how people fall in love in mysterious ways Maybe just the touch of a hand Oh me I fall in love with you every single day And I just wanna tell you I am So honey now Take me into your loving arms Kiss me under the light of a thousand stars Place your head on my beating heart Im thinking out loud That maybe we found love right where we are When my hairs overgone and my memory fades And the crowds dont remember my name When my hands dont play the strings the same way I know you will still love me the same Cause honey your soul could never grow old its evergreen And baby your smiles forever in my mind and memory Im thinking bout how people fall in love in mysterious ways Maybe its all part of a plan I just keep on making the same mistakes Hoping that youll understand But baby now Take me into your loving arms Kiss me under the light of a thousand stars Place your head on my beating heart Thinking out loud That maybe we found love right where we are So baby now Take me into your loving arms Kiss me under the light of a thousand stars Oh darling place your head on my beating heart Im thinking out loud That maybe we found love right where we are Oh maybe we found love right where we are And we found love right where we are"
"6","널 원해 마치 알람 울리듯 내 심장 연애세포 깨워주는 너 넌 예뻐 숨막히듯이 뭘 해도 너는 예뻐 Oh my Oh my girl 너밖에 모른대 내 맘은 그렇대 아침 점심 저녁 매일 내 눈에는 매일 너만 보여 보이니 내가 보이니 너의 몸짓 눈짓이 내게 말하잖아 사랑한다고 눈부셔 카멜레온처럼 수시로 그때 그때 변해가는 너 넌 예뻐 숨막히듯이 뭘 해도 너는 예뻐 Oh my Oh my girl 너밖에 모른대 내 맘은 그렇대 아침 점심 저녁 매일 내 눈에는 매일 너만 보여 보이니 내가 보이니 너의 몸짓 눈짓이 내게 말하잖아 사랑한다고 SICK하게 토라지는 까칠함도 좋아 나의 운명을 바꿔줄 넌 너무나 예뻐 너밖에 모른대 내 맘은 그렇대 아침 점심 저녁 매일 내 눈에는 매일 너만 보여 보이니 내가 보이니 너의 몸짓 눈짓이 내게 말하잖아 사랑한다고 I just wanna fall in love hey ya forever 보이니 내가 보이니 I just wanna fall in love"
"7","그런 사람이 너이기를 다시 없을 나의 사랑이기를 멀리 그대가 보일때쯤 마음은 몇번이나 기도했었지 지나간 날 그 안에서 헤매이던날 안아주었던 손 잡아주었던 너의 고마운 그 마음 이제는 놓치지 않을 수 있게 내가 너의 손을 꼭 잡을테니 항상 감사할거야 우리의 날들을 함께 걷는 지금 이거리 풍경까지도 세월 지나 언젠가 이 길을 다시 지날때 너의 손을 잡은 사람 내가 될수있기를  그대 힘이 들때 언제든 기대어 쉴수 있는곳 나이기를 지나간 날 그 안에서 헤매이던날 안아주었던 손 잡아주었던 너의 고마운 그 마음 이제는 놓치지 않을 수 있게 내가 너의 손을 꼭 잡을테니 항상 감사할거야 우리의 날들을 함께 걷는 지금 이거리 풍경까지도 세월 지나 언젠가 이 길을 다시 지날때 너의 손을 잡은 사람 내가 될수있기를 오래도록 니곁에 아름다운 니곁에 늘 내가 있기를  세월 지나 언젠가 이 길을 다시 지날때 너의 손을 잡은 사람 꼭 잡은 사람 널 지켜 줄 사람 내가 될 수 있기를"
"8","따뜻한 봄바람처럼 상냥하게 내게 불어오던 너 찬란하게 피어나던 여름의 꽃처럼 반짝이던 너 널 사랑해 아무도 들을 수 없게 내 귓가에만 들리게 밤새워 준비한 서툰 고백 있잖아 널 사랑해 온종일 네가 아른거릴 때 몇 번씩이나 네 안부가 궁금할 때 무심히 너의 사진을 보다가 하염없이 뜬 눈으로 지새던 밤 있잖아 내가 널 정말 좋아하게 됐나봐 처음조차 기억나지 않는 너를 향한 시작 서툴고 모자란 내가 너를 아프게 할까봐 움츠린 내 마음을 너는 알까 따뜻한 봄바람처럼 상냥하게 내게 불어오던 너 찬란하게 피어나던 여름의 꽃처럼 반짝이던 너 널 사랑해 아무도 들을 수 없게 내 귓가에만 들리게 밤새워 준비한 서툰 고백 있잖아 널 사랑해 따뜻한 봄 향기처럼 잠시만 네 곁에 머물 수 있게 불어오는 바람 되어 흐르는 눈물 내가 닦아줄 테니 널 사랑해 밤새워 준비한 말 설레어 못하는 말 이제서야 네게 고백할게 나는 너를 사랑해 나는 너를 사랑해"
"9","너를 만난 그 이후로 사소한 변화들에 행복해져 눈이 부시게 빛 나는 아침 너를 떠올리며 눈 뜨는 하루 식탁 위에 마주 앉아 너의 하루는 어땠는지 묻거나 나의 하루도 썩 괜찮았어 웃으며 대답해 주고 싶어 별것 아닌 일에 맘이 통할 때면 익숙해진 서로가 놀라웠어 널 사랑해 평온한 지금처럼만 영원하고 싶다고 너를 바라보다 생각했어 너를 만나 참 행복했어 나 이토록 사랑할 수 있었던 건 아직 어리고 모자란 내 맘 따뜻한 이해로 다 안아줘서 무심한 말투에 서로 아플 때면 차가워진 사이가 견딜 수 없어 미안해 불안한 지금이라도 영원하고 싶다고 너를 바라보다 생각했어 너를 만나 참 행복했어 나 이토록 사랑할 수 있었던 건 아직 어리고 모자란 내 맘 따뜻한 이해로 다 안아줘서 뜨거웠던 여름 지나 그리워질 빗소리에 하나 둘 수줍어 또 얼굴 붉히면 생각이 많아진 너의 눈에 입 맞출 테니 우리 함께 걸어가기로 해 나를 만나 너도 행복하니 못 해준 게 더 많아서 미안해 이기적이고 불안한 내가 너에게만은 잘하고 싶었어 오랫동안 나 기다려온 완벽한 사랑을 찾은 것 같아 날 잡아줘서 힘이 돼줘서 소중한 배려로 날 안아줘서 너를 만나"
"10","tonight 널 바래다 주는 길 내내 내가 변했다고 말하지 널 생각하지 않는다고 너는 투덜대지 언제나 넌 사랑이 설레임이니 내겐 사랑은 익숙함야 너를 떠올리는 그 시간을 따로 두진 않아 늘 널 생각해 그래 널 생각해 바쁜 하루의 순간 순간 그 순간도 니가 보여 모두 보여줄 순 없지만 조금은 너도 느끼잖아 늘 널 생각해 매일 널 생각해 잠이 들어 꿈꾸는 순간도 내 앞에 웃는 그런 너를 생각해 기억나 내가 처음 고백했던 그날 멋진 이벤트도 없었지만 날 받아준 널 내 가슴에 늘 지금처럼 늘 널 생각해 그래 널 생각해 바쁜 하루의 순간 순간 그 순간도 니가 보여 모두 보여줄 순 없지만 조금은 너도 느끼잖아 늘 널 생각해 매일 널 생각해 잠이 들어 꿈꾸는 순간도 내 앞에 웃는 그런 너를 생각해  늘 널 생각해 그래 널 생각해 우리 함께한 순간 순간 그 순간이 소중해서 말로 다 할수는 없지만 조금씩 네게 보여줄게 늘 난 생각해 매일 난 생각해 이른 아침 잠에서 깨어나  이 세상에서 가장 행복한 너를 내 앞에 웃는 그런 널 보며 I love you"
"11","기대고 싶어 이 한 마디가 너무 어색했던 날들 다친 마음을 숨기고 더 웃으려 애쓴 그대여 얼마나 많은 시간을 견디고 참아내는 법 세상을 버텨내고 그대여 그대 이제는 울지마 더는 숨지마 우리의 계절이 봄일 순 없어도 거센 비바람 막아주지 못해도 기나긴 험한 이 길의 끝까지 같이 걸을게 고맙다는 말 이 한 마디가 너무 어색했던 날들 도망치려는 내 두 손을 꼭 잡고서 믿어준 그대 얼마나 많은 시간을 견디고 참아내는 법 세상을 버텨내고 그대여 그대 이제는 울지마 더는 숨지마 우리의 계절이 봄일 순 없어도 거센 비바람 막아주지 못해도 기나긴 험한 이 길의 끝까지 같이 걸을게 모두 그댈 떠나도 나는 그대 곁을 지킬게 어둠이 빛이 되는 날까지 눈부신 햇살 우릴 알아보게 그대와 나는 이렇게 행복 하자 수많은 사람들 속에 우리가 빛날 수 있게"
"12","나 그대의 눈을 바라보면 이 모든게 꿈인것 같아요 이세상 많은 사람중에 어쩌면 우리 둘이었는지 기적이었는지도 몰라요 그대의 품에 안길때면 새로운 나를 깨달아요 그대를 알기전에 내가 어떻게 살았는지 몰라요 죽어 있었는지도 몰라요 어쩌면 이렇게도 엇갈려 왔는지 우린 너무 가까이 있었는데 서로 사랑해야 할 시간도 너무 모자라요 나를 믿어요 믿을게요 세상끝까지 함께할게요 얼마나 나를 찾았나요 헤매었나요 나의 기도를 들었나요 기도에 귀기울였나요 이세상 살아가는 동안 단 한번 스쳐 지나갈때 한눈에 서로 알아볼수 있게 되길 이렇게 어쩌면 이렇게도 엇갈려 왔는지 우린너무 가까이 있었는데 서로 사랑해야 할 시간도 너무 모자라요 나를 믿어요 믿을게요 세상끝까지 함께 할게요 얼마나 나를 찾았나요 헤매었나요 나의 기도를 들었나요 내 기도에 귀기울였나요 이세상 살아가는동안 단한번 스쳐 지나갈때 워 한눈에서로 알아볼 수 있게 되길이렇게"
"13","사랑 그 깊은 곳에서 내가 본 몇 가지 사랑 그 깊은 곳에서 내가 본 몇 가지 만남과 설렘을 지나 행복한 모든 것들 영원할 것 같던 사랑과 이 기분들 반짝이던 너의 눈빛과 그 모습들 눈을 감아도 선명하네 너와 내 사랑은 이미 반짝임을 잃은 지는 오래됐지만 단단해진 마음과 너와 내 사랑은 이제 세상 어떤 단어로도 표현 못 하지만 마음으로 알 수 있네 너와 내 사랑은 이미 반짝임을 잃은 지는 오래됐지만 단단해진 마음과 너와 내 사랑은 이제 세상 어떤 단어로도 표현 못 하지만 마음으로 알 수 있네 사랑 깊은 곳 난 보았네 아픔과 외로움 고통과 고독 속에서 보았네 우리의 사랑을 마음으로 볼 수 있네 너와 내 사랑은 이미 반짝임을 잃은 지는 오래됐지만 단단해진 마음과 너와 내 사랑은 이제 세상 어떤 단어로도 표현 못 하지만 마음으로 알 수 있네 마음으로 알 수 있네 마음으로 알 수 있네"
"14","나 너에게 오늘은 말하고 싶어 수많은 단어 중에 사랑이라는 그 말 수천 개의 별빛 밤 하늘 그 아래 우리 사랑이 빛나잖아 처음이자 또 마지막 사람이 되어줄래 나의 사랑 Its you 그래 너야 Its you 너의 앞에 피어난 꽃처럼 영원히 시들지 않게 사랑이란 물을 줄게 전부인 너에게 운명인 너에게 하고픈 말 널 사랑해 우리의 이름은 사랑이라 하자 매일 잊지 않도록 사랑을 말하도록 기억하니 우리 처음 만난 그날 머릿속에 종소리가 울렸네 처음이자 또 마지막 사람이 되어줄래 나의 사랑 Its you 그래 너야 Its you 너의 앞에 피어난 꽃처럼 영원히 시들지 않게 사랑이란 물을 줄게 전부인 너에게 운명인 너에게 하고픈 말 널 사랑해 내 앞에 있는 네게 이렇게 노래하고 파 영원토록 서로를 바라봐 주기로 해 사랑은 오래 참고 사랑은 온유 하니까 love is"
"15","찬 바람이 조금씩 불어오면은 밤 하늘이 반짝이더라 긴 하루를 보내고 집에 들어가는 길에 네 생각이 문득 나더라 어디야 지금 뭐 해 나랑 별 보러 가지 않을래 너희 집 앞으로 잠깐 나올래 가볍게 겉옷 하나 걸치고서 나오면 돼 너무 멀리 가지 않을게 그렇지만 네 손을 꼭 잡을래 멋진 별자리 이름은 모르지만 나와 같이 가줄래 찬 바람이 조금씩 불어 오면은 네 생각이 난 그렇게 나더라 긴 하루 끝 고요해진 밤거리를 걷다 밤 하늘이 너무 좋더라 어디야 지금 뭐해 나랑 별 보러 가지 않을래 어디든 좋으니 나와 가줄래 네게 하고 싶었던 말이 너무도 많지만 너무 서두르지 않을게 그치만 네 손을 꼭 잡을래 멋진 별자리 이름은 모르지만 나와 같이 가줄래 너와 나의 걸음이 향해 가는 그곳이 어디 일진 모르겠지만 혼자였던 밤 하늘 너와 함께 걸으면 그거면 돼"
"16","이제부터 웃음기 사라질거야 가파른 이 길을 좀 봐 그래 오르기 전에 미소를 기억해두자 오랫동안 못 볼 지 몰라 완만했던 우리가 지나온 길엔 달콤한 사랑의 향기 이제 끈적이는 땀 거칠게 내쉬는 숨이 우리 유일한 대화일지 몰라 한걸음 이제 한걸음일 뿐 아득한 저 끝은 보지마 평온했던 길처럼 계속 나를 바라봐줘 그러면 견디겠어 사랑해 이 길 함께 가는 그대 굳이 고된 나를 택한 그대여 가끔 바람이 불 때만 저 먼 풍경을 바라봐 올라온 만큼 아름다운 우리 길 기억해 혹시 우리 손 놓쳐도 절대 당황하고 헤매지 마요 더 이상 오를 곳 없는 그 곳은 넓지 않아서 우린 결국엔 만나 오른다면 한 걸음 이제 한걸음일 뿐 아득한 저 끝은 보지마 평온했던 길처럼 계속 나를 바라봐줘 그러면 난 견디겠어 사랑해 이 길 함께 가는 그대여 굳이 고된 나를 택한 그대여 가끔 바람이 불 때만 저 먼 풍경을 바라봐 올라온 만큼 아름다운 우리 길 기억해 혹시 우리 손 놓쳐도 절대 당황하고 헤매지 마요 더 이상 오를 곳 없는 그 곳은 넓지 않아서 우린 결국엔 만나 크게 소리 쳐 사랑해요 저 끝까지"
"17","우리가 꼭 안아도 여전히 틈이 있는데 아픈 곳을 보듬어줘도 여전히 낫질 않는데 하나이길 바래도 외롬은 사라지지 않아 완벽히 하나가 될 순 없을까 기억해요 결국엔 사랑이란 걸 사랑은 우리를 채워주겠죠 흔들릴 땐 사랑한다 말해요 이내 잠잠해질 거예요 그래요 상처가 많은 우리 둘 아픔까지 안아주기로 해요 힘든 세상 끝에서 만난 만큼 누구보다 행복해야 해요 하나이길 바래도 외롬은 사라지지 않아 완벽히 하나가 될 순 없을까 기억해요 결국엔 사랑이란 걸 사랑은 우리를 채워주겠죠 흔들릴 땐 사랑한다 말해요 이내 잠잠해질 거예요 그래요 상처가 많은 우리 둘 아픔까지 안아주기로 해요 힘든 세상 끝에서 만난 만큼 누구보다 행복해야 해요 어느 날 차가운 바람이 불 때 서로의 온기로 이겨낼 그래요 우리는 사랑이겠죠 세상을 이기는 사랑이겠죠 무엇도 갈라 놓을 수 없는 우린 누구보다 행복할 거예요"
"18","그대 늘 그대 곁을 맴도는 숨결처럼 나 그대의 곁에서 향기가 되어 줄게요 그대 짙은 어둠에 잠 못 들을 때면 그대 손 꼭 잡고서 계속 바라봐 줄게요 바람 좋은 날 서늘한 의자에 앉아 수줍게 입 맞추던 그 날의 우릴 기억해요 햇살 좋던 날 가벼운 발걸음으로 거닐던 낯익은 거릴 걸을 때면 사랑해 그대를 사랑해요 시간이 흐르고 서로가 변한대도 두 손 꼭 맞잡고 그대 곁에 있을게 나 평생 그대 곁을 지킬게 그대 힘들어 지쳐 기대고 플 때면 나 그대의 푹신한 베개가 되어 줄게요 그대 많은 상황 속 나도 힘들 때면 그대도 나처럼 꼭 내 곁을 항상 지켜줘요 낙엽 지던 날 우수에 젖은 눈으로 서로를 바라보며 시가 되어준 그 날처럼 눈꽃 오는 날 숫눈길 함께 거닐며 생기던 서로의 발자국 볼 때면 사랑해 그대를 사랑해요 시간이 흐르고 서로가 변한대도 두 손 꼭 맞잡고 그대 곁에 있을게 나 평생 그대 곁을 지킬게 사랑해 그대를 사랑해요 시간이 흐르고 서로가 변한대도 두 손 꼭 맞잡고 그대 곁에 있을게 나 평생 그대 곁에 나 평생 그대 품에 나 평생 그대 곁을 지킬게"
"19","내가 말했잖아요 힘들 거라고 다 어색하고 서투른 나라서 남들 다 하는 평범한 하루가 우리에게 소중한 걸 말을 하지 않아도 느낄 수 있어 함께 걸어온 수많은 날들에 세상에 다친 날 꼭 안아준 너에게 힘이 되고 싶어 눈물이 날 땐 우리 울고 살자 대신 행복할 땐 우리 더 크게 웃고 살자 고마워 참 고마워 내 하루에 너의 숨소리를 들려줘서 너무 힘들어서 눈물이 안 나오면 우리 서로를 따듯하게 감싸 안아 주자 괜찮아 다 괜찮아 같이 걷는 이 길이 어디든 행복하자 지친 하루의 끝에 쉴 수 있는 곳 서로의 하룰 보듬어 주는 일 꼭 가보고 싶은 하고 싶은 것들을 같이 하고 싶어 너무 힘들어서 눈물이 안 나오면 우리 서로를 따듯하게 감싸 안아 주자 괜찮아 다 괜찮아 같이 걷는 이 길이 어디든 행복하자 이 세상 가장 따듯한 계절은 너란 걸 마주 잡은 손 나 놓지 않을게 너무 행복해서 눈물도 잊고 살자 누가 뭐래도 우리 둘은 서로 안아 주자 사랑해 널 사랑해 걷고 있는 이 길이 어디든 같이 걷자"
"20","그대 나를 닮았던 사람 나에겐 별이었던 사람 니 곁에 난 작기만 해서 아름답게 보내주려 한 사람 하지만 시간은 쌓이고 그리움도 점점 커져가 너 없인 나 안될 것 같아 다시 돌아온 내 맘을 반겨준 그대 내겐 고마운 사람 꿈과 같은 사람 이렇게 멋진 날을 함께할 그대 내겐 하나인 사람 마지막일 사람 이렇게 멋진 날을 펼쳐갈 그대 니가 말해주는 언어는 다시 날 아이로 만들지 누구보다 날 이해하고 비로소 나를 나로 만든 사람 그대 내겐 고마운 사람 꿈과 같은 사람 이렇게 멋진 날을 함께할 그대 내겐 하나인 사람 마지막일 사람 이렇게 멋진 날을 펼쳐갈 그대 다시 허락해 준 네 맘을 꼭 난 숨이 끊어질 날에도 널 놓지 않을거야 그대 내게는 전부인 사람 내 우주인 사람 이렇게 일 분 일 초 찬란할 그대 평생 꼭 함께 할 사람 내 꿈이 될 사람 이렇게 첨이자 마지막일 그대"
"21","사랑이란 여전히 내겐 두려운 걸 널 떠올리던 하루는 내겐 너무나 길고 어려워 난 모르겠어 근데 왜 나 널 생각하면 웃음이 날까 친구와 수다를 떨 때도 문득 네가 보여 가끔 야한 상상 할 때도 네가 왜 아른거리는 건데 나 웃음이나 날 바보로 만들어버린 네가 좋아 그래 나 너를 사랑해 사랑해 결국엔 내가 졌구나 너에게 사실은 말야 내 맘이 너를 향해 가는 걸 난 좋아 난 좋아 따스하게 내 손을 잡아줘 부끄럽지만 말할래 나만 좋아해줘 가끔 내가 억지 부려도 그냥 귀엽게 웃어주겠니 철이 없잖아 네가 너무 좋아서 난 또 그럴 거야 그래 나 너를 사랑해 사랑해 결국엔 내가 졌구나 너에게 사실은 말야 내 맘이 너를 향해 가는 걸 난 좋아 난 좋아 따스하게 내 손을 떨리는 내 마음을 안아줘 그래 나 너를 사랑해 사랑해 결국엔 내가 졌구나 너에게 내가 널 이겨서 뭐하겠니 사실은 말야 내 맘이 너를 향해 가는 걸 난 좋아 난 좋아 따스하게 내 손을 잡아줘 언제나 지금처럼"
"22","널 바라보는 순간이 갈수록 길어지는 나를 발견하게 됐을 때 두근거려 오는 너와 눈 마주치는 순간 피해버리는 내 떨림에 나도 놀라서 얼버무리는 내 모습이 너에게 보여준 나의 유일한 맘 말을 하려 해도 막 뒤엉키는 준비한 고백은 한 번도 보지 못한 답답한 내 모습 널 사랑하기 전 나만큼만 우연히 친구 만날 때처럼만큼만 조금 더 침착하게 조금 더 솔직하게 너만을 위해 꼭 해주고 싶던 말 사랑해 아무도 몰라 나 혼자만이 고민했던 니 생각 니 걱정들이 버거워서 말을 하려 해도 막 뒤엉키는 준비한 고백은 한 번도 보지 못한 답답한 내 모습 널 사랑하기 전 나만큼만 우연히 친구 만날 때처럼만큼만 조금 더 침착하게 조금 더 솔직하게 너만을 위해 꼭 해주고 싶던 말 사랑해 너의 거절도 생각해 봤지만 담아 두기에는 늦은 것 같기에 널 사랑하기 전 나만큼만 우연히 친구 만날 때처럼만큼만 조금 더 침착하게 조금 더 솔직하게 너만을 위해 꼭 해주고 싶던 말 사랑해 사랑해"
"23","어떻게 너를 사랑하지 않을 수가 있겠어 어떻게 너를 안아주지 않을 수가 있겠어 매일 매일 아니 오늘보다 내일 더 사랑해 너 없이 아름다운 노랠 부를 수가 있겠어 선물처럼 너를 만났던 8월의 어느 오후 세상 모두 아름답던 그 순간을 난 기억해 이른 아침 문틈 사이로 소곤소곤 재잘대는 소리 그 작은 손을 뻗어 내 볼을 만져주면 바보 같은 눈물이 어떻게 너를 사랑하지 않을 수가 있겠어 어떻게 너를 안아주지 않을 수가 있겠어 매일 매일 아니 오늘보다 내일 더 사랑해 너 없이 아름다운 노랠 부를 수가 있겠어 넘어질지도 몰라 아주 캄캄한 밤이 다가와 조금 늦더라도 천천히 일어서렴 둘이서 꼭 안아줄게 세상 그 어떤 무엇이 더 귀할 수가 있겠어 세상 그 어떤 것이 아름다울 수가 있겠어 매일 매일 아니 오늘보다 내일 더 사랑해 너 없이 아름다운 노랠 부를 수가 있겠어 너 없이 아름다운 노랠 부를 수가 있겠어"
"24","흩어져있던 내 삶의 많은 조각들이 하나 둘씩 내게 돌아올 때쯤 마치 오래 전부터 이미 기다려왔던 것처럼 날 찾아온 널 만나게 됐어 널 마주한 순간 내가 알던 소중한 것들은 모두 다 초라해졌어 그래 난 오랜 시간 동안 널 기다려왔는지 몰라 꿈이라면 깨지 않게 해줘 기적 같은 시간 속에서 고요히 잠든 너를 보며 다시 약속해 너를 영원히 사랑할게 너를 영원히 지켜줄게 you 하고 싶은 일 갖고 싶은 게 너무 많아 꿈을 쫒아 달려왔었던 기나긴 시간들 그 여정의 길에서 이제 너와 같이 걸으면 oh 내 꿈은 이미 이룬 것 같아 널 마주한 순간 지금껏 원했던 모든 것들은 이제는 더 이상 의미 없어 그래 난 오랜 시간 동안 너를 기다려왔어 ooh 꿈이라면 깨지 않게 해줘 눈을 뜨지 않을래 고요히 잠든 너를 보며 다시 약속해 너를 영원히 사랑할게 너를 영원히 지켜줄게 you 그래 난 오랜 시간 동안 너를 기다려왔어 꿈이라면 깨지 않게 해줘 영원보다 더 오래 고요히 잠든 너를 보며 다시 약속해 너를 영원히 사랑할게 너를 영원히 지켜줄게 Because of you you make my whole life so beautiful"
"25","그댈 처음 본 순간 꿈인 것만 같아서 지나간 슬픈 일들이 무색해져 버렸죠 하루라도 더 빨리 그댈 만났다면 오늘부터 내 모든 날 너 하나로 채우고 싶어 아름다운 그대 부드러운 그 품에 매일 밤 안길 수 있다면 사랑해요 다른 사랑 나는 필요 없죠 난 그대 하나로 충분하니까 어둔 밤 드리우면 스르르 눈이 감겨요 불안했던 어제의 난 다른 사람만 같아 하루라도 더 많이 볼 수만 있다면 오늘부터 내 모든 날 너 하나로 채우고 싶어 아름다운 그대 부드러운 그 품에 매일 밤 안길 수 있다면 사랑해요 다른 사랑 나는 필요 없죠 난 그대 하나로 충분하니까 길었던 외로움과 흘렸던 너와 나의 눈물 그때 우린 알았을까 긴긴밤이 지나고 나면 환히 비춘 그대 얼굴이 보이네요 나를 찾아준 그대 사랑해요 다른 사랑 나는 필요 없죠 난 그대 하나로 충분하니까 그대면 돼요"
"26","요즘 나 너랑 있으면 어색해 다 처음이라 엉뚱해 웃음이 특이한 버릇까지 너 아니면 몰랐을 거야 When I look into your eyes 그 안에서 머물 때 아주 작은 내 모습이 괜히 더 빛나는 듯 해 이유도 없이 너에게만 One two three four five its everywhere 서로 있는 그대로 스민 우리 둘 Were everywhere we will Were everywhere we will 이유가 없어 너에게만 사실 난 가끔 잘 가라앉아 아무도 모르는 곳에 숨곤 해 이런 작은 내 모습이 너는 상관없는 건지 이유도 없이 나에게만 One two three four five its everywhere 서로 있는 그대로 스민 우리 둘 Were everywhere we will Were everywhere we will 이유가 없어 너에게만 네가 그려준 그림들 속에 내가 더 예뻐 보이곤 해 네가 좋은 사람이란 걸 내가 거울처럼 많이 비춰 줄 거야 널 안을 수 있을 때까지 One two three four five its everywhere 서로 있는 그대로 스민 우리 둘 Were everywhere we will Were everywhere we will 이유가 없어 너에게만"
"27","처음으로 사랑한다 말하던 날 살며시 농담처럼 흘리던 말 못 알아들은 걸까 딴청을 피는 걸까 괜히 어색해진 나를보며 웃던 짖궂은 너 넌즈시 나에 맘을 열었던 날 친구의 얘기처럼 돌려한 말 알면서 그런건지 날 놀리려는 건지 정말 멋진 친굴 뒀노라며 씰쭉 토라진 너 사랑한다는 말 내겐 그렇게 쉽지않은 말 사랑해요 너무 흔해서 하기 싫은 말 하지만 나도 모르게 늘 혼자 있을땐 항상 내 입에서 맴도는 그 말 사랑한다는 말 네겐 눈으로 하고 싶은 말 사랑해 난 맘으로 하고 싶은 말 널 아끼고 아껴서 너에게 말하고 싶은 그 말 시인처럼 읊어볼까 편지로 적어볼까 그냥 너의얼굴 그려보고 끝내 못하는 말 사랑한다는 말 내겐 그렇게 쉽지않은 말 사랑해요 너무 흔해서 하기 싫은 말 하지만 나도 모르게 늘 혼자 있을땐 항상 내 입에서 맴도는 그말 사랑한다는 말 네겐 눈으로 하고 싶은 말 사랑해 난 맘으로 하고 싶은 말 언제나 이렇게 너에게 귀기울이면 말하지 않아도 들을 수 있는 말 꼭 너에게만 하고 싶은 말"
"28","그대는 가끔씩 내 눈을 피해요 왜 그런가요 왜 이리 내 맘을 흔들리게 만들어 왜 그런거죠 가끔 나 혼란스러워 이게 맞는걸까 그대도 내 맘과 같은걸까 헷갈리게 하지마 그대의 눈 그대의 코 마지막 입술까지도 모두 다 사랑스러워요 그대의 마음이 말하는대로 모두 다 내게 말 해줘요 숨기지 말아요 가끔 나 망설여져요 서툴게 느껴지진 않을지 이러다 우리 사이가 끝나면 어쩌나 고민을 해요 그대의 눈 그대의 코 마지막 입술까지도 모두 다 사랑스러워요 그대의 마음이 말하는대로 모두 다 내게 말 해줘요 숨기지 말아요 그대가 말 할때 지긋이 바라볼 때 수줍은듯이 내 손등을 스칠 때 부끄럽긴해도 사랑이 맞는 것 같다면 솔직히 내게 말해줘요 그대의 눈 그대의 코 마지막 입술까지도 모두 다 사랑스러워요 그대의 마음이 말하는대로 모두 다 내게 말 해줘요 숨기지 말아요"
"29","내 사랑은 평범합니다 그저 한 사람만 봅니다 한번 맘을 주면 한번 사랑하면 다신 거둘수 없습니다 이런 나란 사람 참 바보같지만 이런 내가 그댈 사랑합니다 눈 뜨는 순간부터 다시 그대 잠들때까지 곁에 있는 한 사람 모든걸 주는 한사람 눈 뜨는 순간부터 그대를 만날 순간까지 언제나 보고픈사람 평범한 내 가슴이 향하는건 오직 그대 내 사랑은 미련합니다 그저 한 사람뿐입니다 항상 설레어서 항상 떨려와서 매번 숨기려 애씁니다 이런 나란 사람 참 바보같지만 이런 내가 그댈 사랑합니다 눈 뜨는 순간부터 다시 그대 잠들때까지 곁에 있는 한 사람 모든걸 주는 한사람 눈 뜨는 순간부터 그대를 만날 순간까지 언제나 보고픈사람 평범한 내 가슴이 향하는건 오직 그대 내 가슴에 새겨진 한사람 그댈 내가 지킬겁니다 오직 한사람 내 평범한 사랑을 그대에게만 드립니다 아직 부족하지만 이 맘은 진심입니다 눈 뜨는 순간부터 다시 그대 잠들때까지 난 항상 그대입니다 평생 내 가슴이 향하는건 오직 그대"
"30","사랑이란 그런가 봐 소란하지 않더라도 따스한 눈빛이 날 감싸는 것 그대 곁에 있을 때면 매일 달라지는 나 더 좋은 사람이 되고 싶어만 져요 시간 흘러 끝이 온대도 내 마음은 변함없는 보통의 날들일 뿐이죠 나의 사랑 나의 그대 여전히 그댈 바라고 여전히 그댈 원하고 이대로 멈춰 서있죠 어떤 아픔 더한 슬픔 무엇도 두렵지 않은 이런 게 사랑이란 걸 알려주려고 내게 그대를 보내준 것 같아 아무 걱정 하지 말아요 다시 시간을 되돌린다 해도 어김없이 그댈 테니까 나의 사랑 나의 그대 여전히 그댈 바라고 여전히 그댈 원하고 이대로 멈춰 서있죠 어떤 아픔 더한 슬픔 무엇도 두렵지 않은 이런 게 사랑이란 걸 알려주려고 내게 그대를 보내준 것 같아"
"31","사랑이 들리나요 내 맘이 그런가 봐요 떨어지는 꽃잎에도 설레는 날엔 그대 생각에 잠 못 이루죠 가슴이 떨리네요 왜 이리 망설일까요 이 밤이 다 지나기 전에 말할게요 그냥 모른 척 웃어주세요 그대의 밤을 이제 내 아침이 맞이해요 나의 허전했던 많은 날에 기쁨이 돼줘요 그대의 마음속에 늘 내가 있어 줄게요 사랑을 고백한 지금의 이 마음 그대로 내 말이 자꾸 길어져도 그냥 모른 척 들어주세요 그대의 밤을 이제 내 아침이 맞이해요 나의 허전했던 많은 날에 기쁨이 돼줘요 그대의 마음속에 늘 내가 있어 줄게요 사랑을 고백한 지금의 이 마음 그대로 사랑보다 아름다운 사람 그대여 서로 믿어요 시간 속에 변해가지 않는 맘을 수많은 밤을 이제 우리의 날을 위해 그대 나와 함께 해요 나의 허전했던 많은 날에 행복이 돼줘요 그대의 마음속에 나 항상 있어 줄게요 처음 우리 그날처럼 그대"
"32","조금 두렵기도 해 살아가는 건 어딘지 모른 채 떠나는 길 혼자 걷고 있어도 내 마음은 언제나 그댈 생각해 사라져 가는 저 별도 외로운 이 길도 그대가 있기에 그저 살아가려 해 좀 더 믿어보려 해 어쩌면 다른 내일이 우릴 기다리고 있는 걸 지친 하루의 끝에 그 아득한 길 위에 그댄 이미 기적처럼 나를 웃게 하는 걸 다시 일어서야 해 살아가는 건 불행에 무릎 꿇지 않는 것 참았던 그 눈물이 울컥 쏟아질 때면 날 생각해 견디기 힘든 날에도 쓸쓸한 밤에도 내가 곁에 있어 그저 살아가려 해 좀 더 믿어보려 해 어쩌면 다른 내일이 우릴 기다리고 있는 걸 지친 하루의 끝에 그 아득한 길 위에 그댄 이미 기적처럼 나를 웃게 하는 걸 그저 살아가려 해 다시 꿈 꾸려 해 아파했던 지난 일들 그리움이 되는 날까지 여기 사라져가는 별 그 한구석에 우린 마치 기적처럼 서로 사랑하는 걸"
"33","말해봐요 오늘은 또 어떤 일들이 그대 맘을 울렸는지 축 쳐진 어깨에 어색한 미소가 이 밤을 채우죠 충분해요 햇살에 떠밀려 시작한 오늘이란 소설 속에 그대가 바라는 달콤한 엔딩이 될 수 없다 해도 괜찮아질 거에요 그대 폭풍 같았던 하룰 견뎌낸 여린 그대가 얼마나 내겐 고마운지 다 지나갈 거에요 그대 괜찮아요 내가 안아줄게요 짙은 어둠 속에 위태로운 그댈 내가 지켜줄게 내려놔요 눈물이 나올 땐 쏟아내 힘을 내지 않아도 돼 안쓰러운 그대 나쁜 것 못 보게 내게 안겨 쉬어 괜찮아질 거에요 그대 폭풍 같았던 하룰 견뎌낸 여린 그대가 얼마나 내겐 고마운지 다 지나갈 거에요 그대 괜찮아요 내가 안아줄게요 짙은 어둠 속에 위태로운 그댈 내가 지켜줄게 다 지나갈 거에요 그대 괜찮아요 내가 안아줄게요 짙은 어둠 속에 위태로운 그댈 내가 지켜줄게"
"34","안녕 같이 갈 사람을 찾아요 적어도 나 살아온 만큼을 가야 해요 꽤 멀어요 혹시 나와 같이 안 갈래요 다른 사람은 싫어요 꼭 당신과 떠나고 싶어요 믿어지지 않아요 당신 옆에 있는 내가 그대만 보며 남아 있는 길을 갈래요 당신이 원하는 모습으로 변해갈게요 나와 끝까지 갈래요 끝까지 갈래요 잠깐 내 뒤에 숨어 있을래요 앞이 조금 어두워서 그래도 너무 좋아요 믿어지지 않아요 내게 기대 있는 그대 그대만 보며 남아 있는 길을 갈래요 당신이 원하는 모습으로 변해갈게요 나와 끝까지 갈래요 끝까지 갈래요 끝까지 갈래요 끝까지 갈래요 안녕 같이 갈 사람을 찾아요 나와 끝까지 갈래요"
"35","우리 처음 만났던 날과 마주한 이 순간도 설레는 맘으로 서로를 바라보면 수줍은 듯한 얼굴 아닌 척하려 해도 어색하게 그만 서로 웃고 바라보다 숨기지 못해 너의 시간에 날 채워 주기를 한없이 그리워도 모자란 이 마음을 어떻게 설명할 수 있나요 시간이 흐르고 또 하루를 보내도 내겐 오늘과 다르지 않죠 어떤 이야기와는 달리 끝없이 새로웠던 우리의 이야기 늘 그 자리 내 곁에서 함께 해 주기를 너의 시간에 날 채워주기를 한없이 그리워도 모자란 이 마음을 어떻게 설명할 수 있나요 시간이 흐르고 또 하루를 보내도 내 마음 있는 곳 시간은 멈춰있으니 너무 서두르지 않게 너무 조급하지 않게 자꾸 허락 없이 커진 맘이 자라서 참아보려 해봐도 어려운 걸 오직 난 그대만 원하기에 너의 시간에 날 채워주기를 한없이 그리워도 모자란 이 마음을 어떻게 설명할 수 있나요 시간이 흐르고 또 하루를 보내도 내겐 오늘과 다르지 않죠 영원토록"
"36","고요히 불 꺼진 어두운 밤 그대에게 편지를 쓰고 있어요 귀여운 동그라미 눈을 가진 그댄 지금 뭐 할까요 꿈 속이겠죠 옛날 어느 날 누가 말했죠 까만 밤하늘 작은 별 이야기 너와 나의 사랑은 빛나는 별이 되어 저기 저 하늘에 길이 기억되길 사랑해 나 그대를 사랑해요 어두운 밤하늘 커다란 우주 속 별이 되어 그렇게 그대 곁에서 나 비춰 줄게요 너와 나의 별 이야기 옛날 어느 날 누가 말했죠 까만 밤하늘 작은 별 이야기 너와 나의 약속은 빛나는 별이 되어 여기 내 맘속에 고운 추억 되리 사랑해 나 그대를 사랑해요 푸른 밤하늘에 노란 별 달빛 따라 빛나듯 그렇게 그댈 위해서 나 비춰 줄래요 너와 나의 별 이야기 그렇게 그대 곁에서 나 비춰 줄래요 너와 나의 별 이야기 너와 나의 별 이야기"
"37","참 힘이 들었지 그땐 어떻게 힘이 돼줄까 같은 곳을 보고 같은 길을 가도 조금씩 다른 생각일텐데 넌 넌 괜찮을거야 너의 곁에 항상 여기 조금만 고갤 돌려 뒤돌아 보면 항상 너의 곁에 내가 있을게 넌 힘들겠지만 오늘도 너만 혼자라고 느껴도 항상 너의 곁에 내가 있단걸 지워서는 안돼 언제나 너의 주머니속에 내 손을 잡아줘 가끔 돌아 가는게 늦는 건 아닌거라고 모두가 같은 길로 갈순 없잖아 항상 너의 곁에 내가 있을게 넌 힘들겠지만 오늘도 너만 혼자라고 느껴도 항상 너의 곁에 내가 있단걸 지워서는 안돼 언제나 너의 주머니속에 내 손을 잡아줘 가끔 앉아서 세상을 바라봐볼래 불안해도 가장 멋진 시간이란걸 믿어 항상 너의 곁에 내가 있을게 넌 힘들겠지만 오늘도 너만 혼자라고 느껴도 항상 나의 곁엔 니가 있단걸 말하지 않아도 알수있어 나의 주머니속에 네 손을 잡을게"
"38","몇번인가 이별을 경험하고서 널 만났지 그래서 더 시작이 두려웠는지 몰라 하지만 누군갈 알게 되고 사랑하게 되는건 니가 마지막이라면 얼마나 좋을까 우 나처럼 바쁜 하루 중에도 잠시 네 목소리 들으면 함께 있는 것처럼 너도 느껴지는지 매일밤 집으로 돌아갈 때 그 곳에 니가 있다면 힘든 하루 지친 니 마음이 내 품에 안겨 쉴텐데 지금처럼만 날 사랑해줘 난 너만 변하지 않는다면 내 모든걸 가질 사람은 너뿐이야 난 흔들리지 않아 넌 가끔은 자신이 없는 미래를 미안해 하지만 잊지 말아줘 사랑해 너와 함께라면 이젠 행복한 나를  바쁜 하루 중에도 잠시 네 목소리 들으면 함께 있는 것처럼 너도 느껴지는지 매일밤 집으로 돌아갈 때 그 곳에 니가 있다면 힘든 하루 지친 니 마음이 내 품에 안겨 쉴텐데 지금처럼만 날 사랑해줘 난 너만 변하지 않는다면 내 모든걸 가질 사람은 너뿐이야 난 흔들리지 않아 넌 가끔은 자신이 없는 미래를 미안해 하지만 잊지 말아줘 사랑해 너와 함께라면 이젠 행복한 나를 난 많은 기대들로 세상이 정해 놓은 사랑을 버리고 니 마음처럼 난 늘 같은 자리에 또 하나의 니가 되고 싶어 소중한 널 위해 지금처럼만 사랑해줘 항상 너만 변하지 않으면 내 전불 가진 사람은 너뿐이야 난 흔들리지 않아 자신없는 미래 넌 미안해 하고있니 넌 이제 혼자가 아니야 이젠 잊지마 너와 함께라면 언제나 행복한 나를"
"39","Love 내겐 가장 소중한 사람인 그대가 날 부르네요 oh 그대 그대와 함께 한 나의 하루 하루가 꿈을 꾸는 것 같죠 이 순간에도 Fateful Love 그댄 알고 있나요 Stay for love 운명처럼 I will love you till the end of the time wherever you are 그대에게 하고 싶은 말 영원히 I love you Love 내겐 너무 달콤한 멜로디 그댄 나의 노래 oh 그댄 외로운 시간 속 영원한 사랑이죠 우연 같던 그 날의 그 순간부터 Fateful love 그댄 알고 있나요 Stay for love 운명처럼 I will love you till the end of the time Wherever you are 그대에게 하고 싶은 말 영원히 I love you 같은 시간 속에 같은 공간 속에 우리가 함께라는게 기적 같은 우연이 만들어준 가장 큰 선물인 거죠 Fateful love 그댄 알고 있나요 Stay for love 운명처럼 I will love you till the end of the time wherever you are 그대에게 하고 싶은 말 영원히 I love you"
"40","우린 모두 낡고 흐릿해갈 거야 비슷하고 닮은 고민을 하겠지 하릴없는 시간 속 무의미한 것에 많이 아파하고 닳아갈 거야 나의 모든 자랑이 소용 없어질 때쯤 높은 곳을 쫓다가 힘겨워질 때쯤 모든 희망이 회색빛 되어 나를 절망에 가둘 때가 오면 그럴 때 있잖아 네가 내 손을 잡아줘야 해 휘청이는 나를 꼭 안아줘야 해 그대가 있음에 두렵지 않아 그래 다 너로 견뎌내 둘이기에 우린 모두 낡고 흐릿해갈 거야 했던 얘길 또 하고 웃음 짓겠지 선명했던 내일은 멀어질 거야 아마도 어렴풋한 추억에 살겠지 아주 오랜 시간이 흘러 어둠만 남아 슬프고 아름다울 마지막이 온다면 모든 찬란이 회색빛 되어 나의 걸음을 머물게 한다면 그럴 때 있잖아 네가 내 손을 잡아줘야 해 휘청이는 나를 꼭 안아줘야 해 먼 훗날 멈춰 선 우릴 생각해 그래 다 너로 가득해 그대여 있잖아 너와 긴 여행을 가보려 해 내 모든 걸 바쳐 널 지켜주려 해 언젠가 황혼에 물든 유일한 널 상상해 오직 너를 기대해 숨이 차도록 벅찰 둘이기에"
"41","하루가 어두울 때면 너는 내게 와 불을 붙이곤 했어 반가운 표정 지으며 밝아지고는 웃으면서 날 봤어 나로 인해 밝아질 수 있다면 난 아무 말도 할 수 없지만 괜찮아 말없이 빛을 주지만 내 가슴은 타내려만 가 뜨겁고 아파 그래도 나는 말할 수 없어 왜냐면 네가 웃거든 네 웃음에 나도 웃거든 너의 초가 되어서 밝혀주다가 조용히 녹아 사라질 거야 너에게 사랑한다고 말하고 싶어 너는 못 듣겠지만 작은 빛이나마 줄 수 있어서 난 고마운 걸 언제나 곁에 있고 싶어 말없이 빛을 주지만 내 가슴은 타내려만 가 뜨겁고 아파 그래도 나는 말할 수 없어 왜냐면 네가 웃거든 네 웃음에 나도 웃거든 너의 초가 되어서 밝혀주다가 조용히 녹아 사라질 거야 더 이상 내가 너를 밝혀줄 수 없게 되면 이런 내가 초라하고 바보 같지만 그래도 기억은 해줄래 내 작은 빛을 말없이 빛을 주면서 내 마음은 녹아내려가 뜨겁고 아파 그래도 나는 참을 수 있어 이렇게 네가 웃거든 네 웃음에 나도 웃거든 너의 초가 되어서 밝혀주다가 조용히 녹아 사라져줄게"
"42","네가 나의 눈을 바라봐줬을 때 나의 세상은 춥고 외로웠어 어두워진 길을 혼자 걷던 나에게 너는 하얀빛처럼 내게 왔어 네가 나의 얘길 들어주었을 때 나는 처음으로 말 할 수 있었어 누구에게도 보일 수 없던 아픔을 너는 말 없이 꼭 안아 주더라 And i will stay in your mind 내 안의 그대가 새로운 날들로 숨 쉬게 해 And i will stay in your light 눈부신 그대만 사랑으로 빛날 수 있게 해 처음 나의 손을 잡아 주었을 때 바보처럼 난 눈물이 흘렀어 시리도록 차가웠던 나의 세상이 너의 맘으로 따듯해지더라 And i will stay in your mind 내 안의 그대가 새로운 날들로 숨 쉬게 해 And i will stay in your light 눈부신 그대만 사랑으로 빛날 수 있게 해 내 하루의 모든 시간을 너와 함께 할 수 있다면 내 하루의 모든 순간을 너와 함께 할 수 있다면 너 만으로 너 하나로 더없이 난 행복하니까 너 하나로 나의 세상은 달라지고 있어 사랑이라는 말 그 마음 하나가 새로운 날들로 숨 쉬게 해 내 안에 있는 널 느낄 수 있어서 사랑으로 빛날 수 있게 해"
"43","편지로는 내 맘 다 못 전할까 봐 피아노에 앉아 나의 맘을 담아 이젠 불안해하지 마 다 괜찮을 거야 너에게서 난 멀어지지 않아 고된 하루에 지쳐서 네게 전활 걸어 너의 목소리에 다시 웃으면 나도 몰래 가끔 이런 생각을 해 너와 내가 시간 지나 나이가 들면 우릴 닮은 아이들과 지금 우리 얘길 하겠지 너와 내가 그보다 더 나이가 들면 우리 참 잘해왔다고 서롤 다독여줄 거야 지금처럼 가끔 눈물이 날 땐 내게 기대도 돼 그래 그래도 돼 니 맘 제일 잘 알아 니가 웃음 지을 땐 나도 웃음이 나서 그게 참 좋아서 널 다짐하게 돼 이 세상 많은 사람 중 너와 내가 만나 그렇게 서로가 사랑에 빠진 그 순간부터 지금을 기다려왔어 너와 내가 시간 지나 나이가 들면 우릴 닮은 아이들과 지금 우리 얘길 하겠지 너와 내가 그보다 더 나이가 들면 우리 참 잘해왔다고 서롤 다독여줄 거야 지금처럼 그러다 만약 떠나야 하는 그날이 오면 너의 손을 꼭 잡고 같은 날 같은 곳에 잠들 거야"
"44","나의 곁에 앉아서 창밖을 보는 너 어떤 생각을 하나요 나는 그대의 손을 잡고서 함께 건넌 수많은 나날들을 헤아리죠 힘겨울 땐 언제나 어깨를 빌려준 그 예쁜 맘을 알아요 나는 고요히 둘이 함께면 말로 하지 않아도 다 알 것 같아 지금처럼만 내 곁에 있어요 언제라도 내가 옆에 있어요 시간이 가고 더 차가운 바람 불어도 우린 함께라고 믿어요 상처뿐인 못난 나 가만히 안아준 그 너른 맘이 좋아서 나는 그대의 품에 안기면 바라왔던 모든 게 다 내 것 같아 지금처럼만 내 곁에 있어요 언제라도 내가 옆에 있어요 시간이 가고 더 차가운 바람 불어도 우린 함께라고 믿어요 함께한 모든 날 서로를 기다린 많은 밤 다신 변치 않는 맘을 줄게 지금 우리 둘 이 작은 행복을 언제라도 기억할 수 있나요 시간이 흘러 시린 계절들에 지쳐도 우린 함께일 테니 어디 언제나 나 추억할 모든 순간에 우린 함께라고 믿어요 지금의 우리 둘처럼"
"45","그대가 여기 있으니 오늘은 울어도 될까 그대는 꽃처럼 웃고 난 바보처럼 울것 같아 그대 없던 난 그랬지 내일을 살아도 될까 무너진 폐허 같던 날 몇번이고 일으켜준 나를 다시 살게 한 살고픈 마음 갖게 한 단 한사람 그대여 당신을 사랑 당신을 사랑합니다 아프더라도 갖고픈 다치더라도 안고픈 그런 사랑이 있다면 당신이길 또 당신이길 나를 다시 살게 한 살고픈 마음 갖게 한 멎은 가슴 다시 뛰게 한 내 생의 단 한사람 여기까지 오게 한 이제껏 여기 있게 한 단 한사람 그대여 당신을 사랑 당신을 사랑 이런 나를 안아줄 영원히 내게 안겨줄 단 한사람 그대여 당신을 사랑 당신을 사랑합니다"
"46","너의 옆에 앉아 시간을 흘려보내곤 해 시끄러운 세상을 잠시 떠나 쉬려고 해 너와 얘길 나누고 잠시 입을 맞대고 너도 내가 좋다고 귓가를 간지럽혀 둘이 눈을 맞추고 어지러운 세상을 떠나 서로의 마음속을 헤엄치는 일 Baby i want to be with you 평생 너 하나만 바라보며 사는 일 내가 너로 인해 이루어지고 너 역시 내게 기대 하루를 마치는 꿈 너와 나눈 시간 속 그 안에 눈 감을 때 너도 내가 좋다고 귓가를 간지럽혀 우리 눈을 맞추고 어지러운 세상을 떠나 서로의 마음속을 헤엄치는 일 Baby i want to be with you 평생 너 하나만 바라보며 사는 일 내가 너로 인해 이루어지고 너 역시 내게 기대 하루를 마치는 꿈 내 품은 너를 감싸고 너는 나를 채우고 눈은 서롤 스치고 어느새 감겨있어 잠든 너를 데리고 어지러운 세상을 떠나 서로의 맘 헤엄치는 일 Baby i want to be with you 평생 너 하나만 바라보며 사는 일 내가 너로 인해 이루어지고 너 역시 내게 기대 하루를 마치는 꿈 Baby i want to be with you 평생 너 하나만 볼 수 있다면 내가 너로 인해 이루어지고 너 역시 내게 기대 하루를 마치는 꿈 너의 옆에 앉아 시간을 잡아보려고 해"
"47","어쩌면 인생엔 두 가지 길이 있지 꿈을 따라 아님 너를 따라 그 둘 중에 하나 삶이 선택하라 한다면 난 너 그래 내 앞에 너 우리의 인생은 참 험한 길이 많지 그래도 너 난 너만 있으면 아파도 웃겠네 힘든 하루의 끝엔 꼭 전화해 내게 재잘대 주겠니 음 그런 맘으로 살다보면 한 번 쯤은 우리 앞에 파도가 큰 폭우가 쏟아져 내리겠지만 너야 무슨 일이어도 나에겐 너뿐이야 기억해 나의 불빛이 되어준 넌 나의 꿈 고마워 그대 내 가는 길마다 있네 함께라서 난 두려움이 없네 앞이 안 보여도 나를 비춰 줄 환한 그대만 있다면 난 걱정이 없네 음 그런 맘으로 살다보면 한 번 쯤은 우리 앞에 파도가 큰 폭우가 쏟아져 내리겠지만 너야 무슨 일이어도 나에겐 너뿐이야 기억해 나의 불빛이 되어준 넌 나의 꿈 아무리 어렵고 모진 일이 다가와도 내겐 너만 내겐 너만 너만 워 우리 우리 그렇게 살아보자 우리 우리 그렇게 아껴주자 너야 내가 태어난 이윤 오직 너뿐이야 기억해 나의 모든 게 되어준 넌 나의 꿈"
"48","함께 걷는 길 위에 그대와 나 둘이서 서로의 손을 잡아주면서 그대에게 물었지 당신 괜찮으냐고 내게 속삭이네 난 괜찮아요 함께 걷는 길 위에 그대와 나 둘이서 서로의 손을 잡아주면서 그대에게 물었지 당신 날 사랑하냐고 내게 속삭이네 그댈 사랑해요 그대에게 물었지 당신 괜찮으냐고 그대에게 물었지 당신 날 사랑하냐고 내게 속삭이네 내게 속삭이네 내게 속삭이네 그댈 사랑해요"
"49","가장 예쁘게 입고 준비한 예쁜 말 들고 너를 만나러 가는 길 두근거리는 마음 적당한 온도의 좋아한단 말을 전하기가 어려워 항상 미루고 미룬걸 너는 알까 어떻게 인사할까 평소처럼 웃어볼까 자존심 없는 것처럼 보이지는 않을까 난 늘 왜 이럴까 네 앞에만 서면 작아지는 내 모습 나 오늘에서야 용기내 준비한 고백을 받아줄래 오늘부터 우리 시작할까 어쩌면 처음 같지 않게 힘겨운 날들이 우리 앞에 밀려와도 이렇게 너와나 함께 있어 서로가 서로를 비출게 멀리서도 알아볼 수 있도록 언젠가 우리서로 이유 없이 토라지면 아무 말도 하지 말고 서로 꼭 안아주기 맘에 없는 말로 상처주지말기 언제나 처음처럼 나를 좋아한다고 꼭 말해주기 마음껏 잘해주기 괜시리 서운했던 날 아무 말도 하지 말고 두 손 꼭 잡아주기 그 누구보다 더 좋은 친구처럼 때로는 아이처럼 곁에 있어주길 세상 누구보다 넌 내 편이 돼 주길 오늘부터 우리 시작할까 어쩌면 처음 같지 않게 힘겨운 날들이 우리 앞에 밀려와도 이렇게 너와나 함께 있어 서로가 서로를 비출게 멀리서도 알아볼 수 있도록 눈물 나는 날 늘 네가 있어 언제나 처음처럼 따스했던 온기로 꿈처럼 다가오던 너 이렇게 내 곁에 머물러줘 언제나 널 지켜줄게 영원히 난 너를 사랑할 테니 우리 시작해도 괜찮을까요"
"50","세상이 버거워서 나 힘없이 걷는 밤 저 멀리 한 사람 날 기다리네 아무도 나를 찾지 않아도 나를 믿지 않아도 이 사람은 내가 좋대 늘어진 내 어깨가 뭐가 그리 편한지 기대어 자기 하루 일 얘기하네 꼭 내가 들어야 하는 얘기 적어도 이 사람에게 만큼은 난 중요한 사람 나 깨달아요 그대 없이 못살아 멀리서 내 지친 발걸음을 보아도 모른척 수다로 가려주는 그대란 사람이 내게 없다면 이미 모두 다 포기했겠지 나 고마워요 그대밖에 없잖아 나도 싫어하는 날 사랑해줘서 이렇게 노래의 힘을 빌려 한번 말해본다 기어코 행복하게 해준다  나 깨달아요 그대 없이 못살아 지지리 못난 내 눈물을 보아도 뒤돌아 곤히 잠든 척 하는 그대란 사람이 내게 없다면 이미 모두 다 포기했겠지 나 고마워요 그대 밖에 없잖아 나도 싫어하는 날 사랑해줘서 이렇게 노래의 힘을 빌려 한번 말해본다 기어코 행복하게 해준다"
"51","그림 같은 집이 뭐 별거겠어요 어느 곳이든 그대가 있다면 그게 그림이죠 빛나는 하루가 뭐 별거겠어요 어떤 하루던 그대 함께라면 뭐가 필요하죠 나 그대가 있지만 힘든 세상이 아니라 힘든 세상 이지만 곁에 그대가 있음을 깨닫고 또 감사해요 또 기도해요 내 곁에서 변치 않고 영원하길 기도 드리죠 무려 우리 함께 눈뜨는 아침과 매일 그댈 만나 돌아오는 집 앞 나 만의 그대 나의 그대 내겐 사치라는걸 과분한 입맞춤에 취해 잠이 드는 일 그래 사치 그댄 사치 내겐 사치 행복이란 말이 뭐 별거겠어요 그저 그대의 잠꼬대 마저 날 기쁘게 하는데 사랑이란 말이 뭐 별거겠어요 그저 이렇게 보고만 있어도 입에서 맴돌죠 나 그대가 있지만 거친 세상이 아니라 거친 세상 이지만 내겐 그대가 있음을 깨닫고 또 다짐하죠 또 약속하죠 그대 곁에 변치않고 영원하길 약속할게요 무려 우리 함께 눈뜨는 아침과 매일 그댈 만나 돌아오는 집 앞 나 만의 그대 나의 그대 내겐 사치 라는걸 과분한 입맞춤에 취해 잠이 드는 일 그래 사치 그댄 사치 내겐 사치 내가 상상하고 꿈꾸던 사람 그대 정말 사랑하고 있다고 나 말 할 수 있어서 믿을 수 없어 정말 믿을 수 없어 내가 어떻게 내가 감히 사랑할 수 있는지 말야 무려 우리 함께 잠드는 이 밤과 매일 나를 위해 차려진 이 식탁 나 만의 그대 나의 그대 내겐 사치 라는걸 과분한 입맞춤에 취해 잠에 드는 일 그래 사치 그댄 사치 내겐 사치"
"52","그대가 있어 웃는다 오늘도 내가 웃는다 내가 너무 힘이 들 땐 너의 환한 미소가 나를 웃게 만든다 오랜 시간이 흘러도 가끔은 짜증 날 때도 우리 약해지지 말자 그렇게 살자 우리 지금처럼만 그대라서 내 사랑을 약속합니다 그대라서 내 사랑을 지키렵니다 혹시라도 세상이 지치게 해도 오늘처럼 이 맘 변치말자  유난히 따뜻했었던 그날의 서툰 고백은 그때를 넌 기억하니 잊지는 말자 바람마저 설레던 그 날 그대라서 내 사랑을 약속합니다 그대라서 내 사랑을 지키렵니다 혹시라도 세상이 지치게 해도 오늘처럼 이 맘 변치말자 너만 사랑해서 오직 너만 바라봐서 그래 나는 너만 아는 바보야 약속해요 내일도 사랑할게요 약속해요 우리 꼭 행복할게요 혹시라도 세상이 지치게 해도 오늘처럼 이 맘 변치말자 우리사랑 절대 변치말자"
"53","너무나도 소중한 해맑은 너의 미소를 기억해 You are the only one of mine 세상을 준대도 너야 달빛 가득 내리는 이 밤에 널 품에 안고서 두 눈에 가득 담아 이대로 모든게 멈췄으면 이 밤을 삼킨 저 별처럼 넌 나의 전부 I cant take my eyes off you 넌 나의 모든 이유 내 삶의 노래 그렇게 니가 나에게 기적이듯 난 너에게 기쁨이 될게 너와 나의 내일에 내일을 모두 더해 Ill promise you 네게 영원을 약속해 넘치게 나를 찾아와준 니가 고마워 밤새 너를 꿈속에 그리다 잠결에 눈을 떠 두 팔로 가득 안아 너란 빛으로 나를 채울게 니가 더 밝게 빛나도록 넌 나의 전부 I cant take my eyes off you 넌 나의 모든 이유 내 삶의 노래 그렇게 니가 나에게 기적이듯 난 너에게 기쁨이 될게 너와 나의 내일에 내일을 모두 더해 Ill promise you 네게 영원을 약속해 넘치게 나를 찾아와준 니가 고마워 너를 만난 이후로 내 모든게 너로 물들어가 온통 너로 말야 I cant take my eyes off you 넌 나의 모든 이유 내 삶의 노래 그렇게 니가 나에게 기적이듯 난 너에게 기쁨이 될게 너와 나의 내일에 내일을 모두 더해 Ill promise you 네게 영원을 약속해 넘치게 나를 찾아와준 니가 고마워 벅차게 너를 사랑할게"
"54","하늘이 그때와 닮았어 널 처음 봤었던 따스한 봄날 너의 맑은 눈 속에 피었던 벚꽃도 또다시 우리 주위를 흩날려 서로에게 입버릇 같던 말 언젠간 결혼하자던 그 말 오늘 이곳에서 너에게 하려 해 영원히 지킬 약속 하려 해 나에게 넌 사계절 속의 봄 같아 가끔 비를 맞아도 차갑지가 않아 나에게 넌 꿈속의 꿈인 것처럼 날 달라지게 해 더 빠져들게 해 너에게 참 서툴고 어설픈 나지만 언제나 꽃길만 걷게 해줄 게 오늘 이곳에서 그 약속 지킬 게 영원히 함께하자던 그 말 나에게 넌 사계절 속의 봄 같아 가끔 비를 맞아도 차갑지가 않아 나에게 넌 꿈속의 꿈인 것처럼 날 달라지게 해 더 빠져들게 해 너에게 드라마 속 주인공은 아니지만 너에게 딱 맞는 남자가 될 게 너에게 나 흩날리는 벚꽃처럼 바람이 불어도 네 곁에 있을게 너에게 나 많은 시간이 지나도 나 변치 않을 게 늘 여기 있을게 고마워"
"55","영화 속에 나온 주인공처럼 예쁜 단장하고 있어요 창가에 가득 꽃들을 채우면서 그댈 맞이할게요 음 저기 들리는 그대 발자국 나를 깨우며 미소 짓게 해 오늘 하루도 난 주인공 되어 그대라는 멋진 사랑을 만나 Wish you Need you With you 지금 이 순간 나는 너무 행복해 이른 아침에 눈 뜨기 싫어도 그대 생각에 웃죠 오늘은 어떤 일들이 생겨날까 기대 기대하죠 음 결말이 없는 이야기처럼 끝나지 않을 나의 이야기 오늘 하루도 난 주인공 되어 그대라는 멋진 사랑을 만나 Wish you Need you With you 지금 이 순간 나는 너무 행복해 가끔 꿈인 것만 같아 나의 모든 이 순간들이 오늘 하루도 난 주인공 되어 그대라는 멋진 사랑을 만나 Wish you Need you With you 나는 이 순간 정말 너무 행복해 그댄 나를 꿈꾸게 만든 사람 그댄 나를 미소 짓게 한 사람 Wish you Need you With you 지금 이 순간 나는 너무 행복해"
"56","별빛이 내린 밤 그 풍경 속 너와 나 날 새롭게 하는 따뜻하게 만드는 니 눈빛 니 미소 영원히 담아둘게 너로 가득한 맘 널 닮아가는 나 날 위한 선물 꿈보다 더 아름다운 서로의 품에서 끝 없는 밤을 걷자 나의 모든 날들을 다 주고싶어 내 이 맘을 모두 전하고 싶어 잠들지 못한 푸른 바람들 이렇게 밝게 이 밤을 비춰 너와 작은 일상을 함께 하는게 내 가장 큰 기쁨인걸 넌 알까 내 세상 속에 넌 빛이 되어 지금 모습 그대로 내 곁에만 행복이 짙은 날 어둠이 없는 밤 같은 맘 속에 같은 꿈이 피어난 건 우리의 정해진 운명이 맞닿은거야 나의 모든 날들을 다 주고싶어 내 이 맘을 모두 전하고 싶어 잠들지 못한 푸른 바람들 이렇게 밝게 이 밤을 비춰 너와 작은 일상을 함께 하는게 내 가장 큰 기쁨인걸 넌 알까 내 세상 속에 넌 빛이 되어 지금 모습 그대로 내 곁에만 내게 온 너란 빛이 눈 부셔도 네 앞에서 한 순간도 눈 감지 않아 다가올 시간도 계절의 바람도 널 데려가지 못하게 내가 더 좋은 사람이 되고 싶어 더 아름답게 널 안을 수 있게 잠들지 못한 잠들 수 없는 바람들이 널 부르고 있어 언제까지나 너와 함께 할거야 내 마지막 숨결도 너일거야 내 세상 속에 넌 빛이 되어 지금 모습 그대로 내 곁에만 이렇게 밝게 이 밤을 비춰"
