"","playlistlikesum","songtitlesum","songlikesum","singersum","songlyricsum"
"1","1412","1000 Years","824","장혜진","내게 우연처럼 다가왔던 그댄 왠지 낯설게만 느껴지질 않아 수 많은날 많은날 기다려 기다려 날 찾아 날 찾아 온거야 For a 1000 years 그댈 기다렸어 More than millino until 우리 사랑위해 기억해 언제까지 Well stand for a 1000 years 때론 함께하며 힘이 들겠지만 매일 우리 사랑위해 기도할께 간직해줘 간직해줘 내사랑을 사랑을 영원히 영원히 잊지마 For a 1000 years 그댈 기다렸어 More than millino until 우리 사랑위해 기억해 언제까지 Well stand for a 1000 years 그대 나를 위해 떠난단 말하지마 약속해줘 이별없는 영원한 사랑을 위해 For a 1000 years 그댈 기다렸어 More than millino until 우리 사랑위해 기억해 언제까지 Well stand for a 1000 years For a 1000 years 그댈 기다렸어 More than millino until 우리 사랑위해 기억해 언제까지 Well stand for a 1000 years 기억해 언제까지 Well stand for a 1000 years"
"2","1412","Officially Missing You","23787","Tamia","All I hear is raindrops falling on the rooftop Oh baby tell me whyd you have to go Cause this pain I feel it wont go away And today Im officially missin you I thought that from this heartache I could escape But Ive fronted long enough to know There aint no way And today Im officially missing you Ooh cant nobody do it like you Said every little thing you do hey baby Said it stays on my mind And I Im officially All I do is lay around 2 ears full of tears From looking at your face on the wall Just a week ago you were my baby Now I dont even know you at all I dont know you at all Well I wish that you would call me right now So that I could get through to you somehow But I guess its safe to say baby safe to say that I Im officially missin you Ooh cant nobody do it like you Said every little thing you do hey baby Said it stays on my mind And I Im officially Well I thought I could just get over you baby But I see thats something I just cant do From the way you would hold me To the sweet things you told me I just cant find a way to let go of you Ooh cant nobody do it like you Said every little thing you do hey baby Said it stays on my mind And I Im officially Its official Hoo you know that Im missin you yeah yes All I hear is raindrops oh yeah And I Im officially missin you"
"3","1412","Say You Love Me","39354","MYMP","Dont you know that i want to be more than just your friend Holding hands is fine but ive got better things on my mind You know it could happen if youd only see me in a different light baby when we finally get together you will see that i was right say you love me You know that it could be nice if youd only say you love me Dont treat me like i was i saw over Please love me Ill be yours and youll be mine and If youd only say you love me baby Things would really work out fine Dont you know that i want to be more than just your friend Holding hands is fine But ive got better things on my mind You know it could happen if youd only see me in a different light but baby when we finally get together you will see that i was right Say you love me You know that it could be nice If youd only say you love me and Dont treat me like i was i saw over Please love me Ill be yours and youll be mine and If youd only say you love me baby Things would really work out fine  Say you love me You know that it could be nice If youd only say you love me and Dont treat me like i was i saw over Please love me Ill be yours and youll be mine and If youd only say you love me baby Things would really work out fine and If youd only say you love me darlin Things would really work out fine"
"4","1412","이별이 오지 못하게","9937","페이지","정말 날 사랑하나요 그래요 그거면되요 너무 많은걸 바래서 마음이 아프나봐요 슬픔이 우릴 찾아도 나를 떠나면 안되요 이미 시작된 사랑을 어떻게 보내야하는지 나는 잘 모르니까요  이별이 오지 못하게 하늘에 기도할까요 서로만 사랑하도록 이대로만 어디도 가지 못하게 깊숙히 숨겨줄까요 우리사랑 이대로만  그대를 만나기전에 난 어디에 있었는지 그댈 만났던 그날 난 다시 태어났던거죠 그대밖에 난 몰라요  이별이 오지 못하게 하늘에 기도할까요 서로만 사랑하도록 이대로만 어디도 가지 못하게 깊숙히 숨겨줄까요 우리사랑   눈가려도 보이니까 그대만 보면 되니까 두눈을 감고 살까요 그럴까요 그댄 잊으면 안되요 그대만 있으면되요 그러면 난 행복해요 "
"5","1412","보라빛향기","16383","WABLE 와블","그대 모습은 보라빛처럼 살며시 다가왔지 예쁜 두 눈에 향기가 어려 잊을 수가 없었네 언제나 우리 웃을수 있는 아름다운 얘기들을 만들어 가요 외로움이 다가와도 그대 슬퍼하지마 답답한 내 맘이 더 아파오잖아 길을 걷다 마주치는 많은 사람들 중에 그대 나에게 사랑을 건네준 사람 그대 모습은 보라빛처럼 살며시 다가왔지 예쁜 두 눈에 향기가 어려 잊을 수가 없었네 언제나 우리 웃을수 있는 아름다운 얘기들을 만들어 가요 외로움이 다가와도 그대 슬퍼하지마 답답한 내 맘이 더 아파오잖아 길을 걷다 마주치는 많은 사람들 중에 그대 나에게 사랑을 건네준 사람 길을 걷다 마주치는 많은 사람들 중에 그대 나에게 사랑을 건네준 사람 사랑을 건네준 사람 사랑을 건네준 사람"
"6","1412","두 사람","2506","옥상달빛","때로는 이 길이 멀게만 보여도 서글픈 마음에 눈물이 흘러도 모든 일이 추억이 될 때까지 우리 두 사람 서로의 쉴 곳이 되어주리 지친 하루가 가고 달빛 아래 두 사람 하나의 그림자 눈 감으면 잡힐 듯 아련한 행복이 아직 저기 있는데 상처 입은 마음은 너의 꿈마저 그늘을 드리워도 기억해줘 아프도록 사랑하는 사람이 곁에 있다는 걸 때로는 이 길이 멀게만 보여도 서글픈 마음에 눈물이 흘러도 모든 일이 추억이 될 때까지 우리 두 사람 서로의 쉴 곳이 되어 서툴고 또 부족하지만 언제까지나 곁에 있을게 모진 바람 또 다시 불어와도 우리 두 사람 우리 두 사람 저 거친 세월을 지나가리"
"7","1412","그리고 그리고 그려봐","16446","마마무 Mamamoo","그리고 그리고 그려봐 너의 얼굴 너와 걷던 그 거리 모든 게 달라 보였어 그리고 그리고 그려봐 봄을 지나 여름 가을 또 겨울 그 속에 우리 둘 한 폭의 그림의 기억을 만나 그리고 그려봐 첫만남 떨림 설레였던 순간 그리고 그려 함께했던 크리스마스에 그곳 모두 다 담을 거야 우리란 그림 속에 My memory Every day Every night 건너편 버스정류장 한쪽씩 나눠 듣던 이어폰 넌 내 머릴 쓰다듬네 또 You mean everything to me 그리고 우리만의 멜로디 너라는 도화지 위 스며드는 나의 물감 My memory 그리고 그리고 들어봐 하루하루 나를 채워 귓가에 포근한 네 목소리로 그리고 그리고 둘러봐 눈이 오던 작은 거리 우리 둘 모든 게 하얗게 칠해진 그곳에 기억을 만나 그리고 그려봐 첫만남 떨림 설레였던 순간 그리고 그려 함께했던 크리스마스에 그곳 모두 다 담을 거야 우리란 그림 속에 My memory 추억이 많아 그리고 또 그려 기억들 조각 하나 둘 꺼내서 그리고 그려 둘이라서 따뜻한 순간들 모두 다 담을 거야 우리란 그림 속에 My memory"
"8","1412","汝歌 여가","24003","장연주","이노래 너에게 불러주고 싶었어 오직 너만을 바라보면서  이렇게도 떨리는건지 몰랐어 너를보며 노래를 부른다는게 조금은 어색하게 느껴진대도 날 바라보며 들어주겠니  이런 말을 여자가 먼저 한다고 이상하게 생각할지도 몰라서 망설여 졌었지만 언제까지나 이런 마음을 숨겨둘수는 없으니까  언제부터인지 나도 모르게 너에 대한 간절한 맘 때문에 홀로 너를 상상하며 말을 걸어보기도 하고 행복함에 웃음짓곤 했어  이런 날 위해 조금만 더 다가와줄순 없니 이젠 내게 대답해줄수 있니 잡을수 없는 내 맘을 잡아줄수 있는 사람은 오직 내겐 너 하나 뿐인걸   이런 날 위해 조금만 더 다가와줄순 없니 이젠 내게 대답해줄수 있니 잡을수 없는 내 맘을 잡아줄수 있는 사람은 오직 내겐 너 하나 뿐인걸  용기가 없어 말 못한거라면 지금 이순간 사랑한다 말해주면 되는데 그리곤 나를 꼭 안아줘 이 노래가 끝난후에 널 쳐다볼수 없을것만 같아 "
"9","1412","넌 내 애인이고 사랑이고 운명이야","17142","블루베리","사람들이 우리 닮아보인데 사랑하면 다 닮아가나봐 웃는모습부터 사소한 말투까지 우린 많이 닮았어 사람들이 요즘 예뻐보인데 사랑하면 더 예뻐지나봐 자꾸 웃게 되니깐 그런가봐 요즘만 같아라 넌 내애인이야 넌 내사랑이야 넌 내운명이야 모든게 기적만 같아 니 두손 꼭잡고 걸을래 니 두눈 보면서 말할래 너만 있으면 난 좋아 My Luv 자주보던 드라마도 안보고 주말이면 약속 없어도 되고 니가 옆에 있으니 그런가봐 요즘만 같아라 넌 내인이야 넌 내사랑이야 넌 내운명이야 모든게 다 기적만 같아 니 두손 꼭잡고 걸을래 니 두눈 보면서 말할래 너만 있으면 난 좋아 My Luv 넌 내인이야 넌 내사랑이야 넌 내운명이야 모든게 다 기적만 같아 니 두손꼭잡고 걸을래 니 두눈보면서 말할래 너만 있으면 난좋아 My Luv"
"10","1412","You Mean Everything To Me","8808","박정현","그대 가슴에 귀를 대보면 나는 정말 행복해져요 날 사랑하는 그대 가슴이 너무 건강히 뛰고 있으니 따뜻하기 까지한 그대란 사람 언제까지나 내 곁에 머물러 줄 수 있나요 You mean everything You are everything to me 그대 짓는 표정이 나를 바꿔요 You mean everything 나를 숨쉬게 하는 가슴속의 주인이죠 나의 그대여  그대 입술을 바라볼때면 나는 정말 행복해져요 날 사랑한단 그 꿈같은 말을 애타던 내 귀에 속삭여 주었으니 부드럽기 까지한 그대란 사람 언제까지나 내 곁에 머물어 줄 수 있나요 You mean everything You are everything to me 그대 짓는 표정이 나를 바꿔요 You mean everything 나를 숨쉬게 하는 가슴속의 주인이죠 나의 그대여 가끔씩 그대가 떠나간 걸 그리면 아찔해 오는걸 믿어도 되나요 아니 믿고 싶어 영원한걸 You mean everything You are everything to me 그대 짓는 표정이 나를 바꿔요 You mean everything 나를 숨쉬게 하는 가슴속의 주인이죠 그대여 You mean everything You are everything everything to me 그대 짓는 표정이 나를 바꿔요 나를 바꿔요 You mean everything 나를 숨쉬게 하는 가슴속의 주인은 바로 그대여"
"11","1412","사랑해요","3860","이소은","고마워요 닿을듯 그대 옆에 있기에 더는 내일이 나 두렵지 않죠 사랑땜에 힘든 건 이별땜에 아픈건 영화 속에만 있었으면해 언제나 난 믿었죠 내 반쪽 그대라고 너무나 익숙해서 늘 불안했었던 나를 너무나 행복해서 많이 울었던 나를 말없이 안아주었죠 이제는 안아줘"
"12","1412","결혼할래요","2730","써니힐","My Love 밥은 거르지 않기 매일 꼭 껴안아주기 혹시 늦은 새벽에 올 때면 잠들기 전에 연락해주기 My Love 거짓말은 안 하기 가끔 둘만의 데이트 하기 혹시 속상한 일이 생길 때에는 나에게 말해주기 꼭 약속해줘요 Its a wonderful day Its a beautiful day 서로 같은 곳을 바라보며 걸어요 언제라도 힘들거나 지칠 땐 내게 와서 안겨요 내가 그대 곁을 지켜줄게요 시간이 흘러도 변치 않을게요 지금 마주잡은 두 손 놓지 말아요 고마워요 평생을 함께 할 사람 난 믿어요 우리 결혼할래요 My Love 나는 많이 서툴죠 아직 반찬도 많이 못해요 첨엔 사소한 일로 다투겠지만 조금 더 그댈 위해 내가 노력할게요 Its a wonderful day Its a beautiful day 서로 같은 곳을 바라보며 걸어요 언제라도 힘들거나 지칠 땐 내게 와서 안겨요 내가 그대 곁을 지켜줄게요 시간이 흘러도 변치 않을게요 지금 마주잡은 두 손 놓지 말아요 고마워요 평생을 함께 할 사람 난 믿어요 우리 결혼할래요 Thank you for your love I feel your whisper in my dreams You are always in my heart Youre so special You complete me OK 이렇게 기분 좋은 Good day 그대와 함께하는 행복 이젠 Everyday 슬픔이여 안녕 외로움도 안녕 Oh Happy day 랄라라라랄라 랄라라라랄라 라라라랄라라 라랄라라 라랄라 사랑해요 행복을 함께 할 사람 난 믿어요 오직 그대뿐이죠 약속해요 평생을 함께 할 사람 난 믿어요 우리 결혼할래요"
"13","1412","사랑인걸","2909","송희란","하루가 가는 소릴 들어 너없는 세상속에 달이 저물고 해가 뜨는 서러움 한날도 한시도 못살것같더니 그저 이렇게 그리워 하며 살아 어디서부터 잊어갈까 오늘도 기억속에 니가 찾아와 하루종일 떠들어 니말투 니표정 너무 분명해서 마치 지금도 내곁에 니가 사는 것 만 같아 사랑인걸 사랑인걸 지워봐도 사랑인걸 아무리 비워내도 내안에는 너만살아 너 하나만 너 하나만 기억하고 원하는걸 보고픈 너의 사진을 꺼내어 보다 잠들어 어디서부터 잊어갈까 오늘도 기억속에 니가 찾아와 하루종일 떠들어 니말투 니표정 너무 분명해서 마치 지금도 내곁에 니가 사는 것 만 같아 사랑인걸 사랑인걸 지워봐도 사랑인걸 아무리 비워내도 내안에는 너만살아 너 하나만 너 하나만 기억하고 원하는걸 보고픈 너의 사진을 꺼내어 보다 잠들어 잠결에 흐르던 눈물이 곧 말라가듯 조금씩 흐려지겠지 손내밀면 닿을 듯 아직은 눈에 선한 니 얼굴 사랑해 사랑해 잊으면 안돼 너만보고 너만알고 너만위해 살았던 날 마음 둘 곳을 몰라 하루가 일년같아 아무것도 아무일도 아무말도 못하는 나 그래도 사랑을 믿어 그래도 사랑을 믿어"
"14","1412","달아요","23485","박정현","우 참으려 해도 웃음이 나와 샴페인이 터지듯 좋아 낮은 목소리 장난스러운 그대 걸음도 Oh you  I oh you  I 왜 이렇게 왜 이렇게 좋아요 I can see the sunlight in your eyes Everyday oh everyday 웃게 해줄게 서툴겠지만 그댈 위해서만 그대 이름 혀끝에 녹아 내릴듯 달아요 그댈 몰랐다면 몰랐어요 이런 기분을 이런 행복을 Oh you  I oh you  I 왜 이렇게 왜 이렇게 좋아요 I can see the sunlight in your eyes Everyday oh everyday 웃게 해줄게 서툴겠지만 그댈 위해서만  생각만 해도 아파요 나를 떠나면 안되요 그대 없었다면 없었어요 이런 노래도 이런 사랑도 Oh you  I oh you  I 부끄럽게 간지럽게 이대로 아무것도 숨기지 마요 Everyday oh everyday 믿게 해줄게 언제까지 그댈 사랑해요 우 감추려해도 다 보이나 봐 햇살이 퍼지듯 이런 바보같은 날 온 세상이 다 놀려도 좋아"
"15","1412","물론","41093","지아","물론  가진 게 그리 많지 않아 어쩌면 많이 부족할지 몰라 가끔 나와 다투기도 하겠지만 주위를 둘러보면 네게 나보다 좋은사람 많겠지만 널 사랑하는 맘 나 그것만큼은 자신있는걸 내리는 비를 막아줄 수는 없지만 비가 오면 항상 함께 맞아줄게 힘든 일이 있어도 기쁜 일이 있어도 함께할게 물론 모든 걸 다 줄 수는 없지만 작은 행복에 미소짓게 해줄게 무슨 일이 있어도 너의 편이 돼 줄게 언제까지나 세상이 그리 쉽지 않아 몇번씩 넘어지고 할지 몰라 꼭 잡은 두 손만 놓치지 않고서 함께 가면 돼 내리는 비를 막아줄 수는 없지만 비가 오면 항상 함께 맞아줄게 힘든 일이 있어도 기쁜 일이 있어도 함께할게 물론 모든 걸 다 줄 수는 없지만 작은 행복에 미소짓게 해줄게 무슨 일이 있어도 너의 편이 돼 줄게 언제까지나"
"16","1412","그대이길 바래요","275","이소은","매일 아침 꿈에서 그댈 만나곤해요 설명할순 없겠죠 사랑이 아니라면 그대 두눈 볼때면 왠지 눈물이 나요 이런 기분인 가요 나도 알것 같아요 나이제 다가가요 운명을 느낀거죠 이런내가 우습나요 혹시 바보 같나요 단한번 뿐이라면 그대이길 바래요 웃어줘요 나를 봐요 오늘만을 기다려온 나를   나의 욕심인가요 모든걸 원하는게 사랑때문이라면 이해할수 있겠죠 그대를 갖고 싶은 내가 싫진 않겠죠 이런 또 저런 생각 나를 맴도는걸요 나이제 다가가요 받아줄순 없나요 이런내가 우습나요 혹시 바보 같나요 단한번 뿐이라면 그대이길 바라는 나를 봐요 웃어줘요 오늘만을 기다려온 내게로   그대의 품에 안겨 숨쉬고 있는 나를 그려봤죠 행복했죠 포기하지 않아요 단한번 뿐이라면 그대이길 바래요 기쁜걸요 고마워요 그대만을 허락하는 내게로"
"17","1412","사랑일까","17687","제이레빗J Rabbit","지금 우리는 사랑일까 이상하게 맴도는 알듯 말듯 한 속삭임 세상의 수많은 연인들 say Good Bye or I love you 운명이란건 때로는 우연인 듯 한 여름 밤의 소나기 같아 눈치없이 설레이는 걸 어쩌면 나는 그댈 좋아해 아냐 몰라 넌 괜히 두근두근 사람 헷갈리게 복잡한 너와 나 사이 Oh 지금 우리는 사랑일까 손 잡고 길을 걸어 볼까 기분좋은 날에는 달콤한 노래도 불러줄게 Doo Roo Roo the sweat singing lullaby How great How deep How big is your love 사랑일 것 같아도 운명이란건 때로는 우연인 듯 한 여름 밤의 소나기 같아 눈감으면 설레이는 걸 어쩌면 나는 그댈 좋아해 아냐 몰라 넌 괜히 두근두근 사람 헷갈리게 복잡한 너와 나 사이 Oh 지금 우리는 사랑일까 어떡해 love is so sweat love is breaking my heart eventually theyll be falling in love 복잡한 너와 나 사이 Oh 지금 우리는 사랑일까"
"18","1412","썸데이 싱글파파는 열애중 OST 삽입곡","28393","김동희","어느 날 그대를 만나서 사랑의 기쁨을 깨닫고 나 같은 여자도 사랑을 알게 했다오 어느 날 그대를 만나서 사랑의 의미를 배우고 나라는 사람이 있단 걸 알게 됐다오 어느 날 그대를 만나서 나는 사랑을 했다오 그땐 사랑을 지우고 또 지워야 하는지 몰랐다오 사랑이 사랑을 머금고 눈물은 태연히 흐르고 이별이 뭔지도 몰라서 난 웃었다오 어느 날 그대를 만나서 나는 사랑을 했다오 그땐 심장을 떼 내고 버려도 안 되는 걸 정말 몰랐다오 그대 이름을 부르고 부르고 부르고 부르며 애를 써 봐도 눈물이 내손을 잡으며 잡으며 그대를 말려도 나 하나 사랑한 나만을 지켜봐 주던 그런 사람이 있단 걸 감사하며 보냈다오 어느 날 그대를 만나서 사랑의 의미를 배우고 나라는 사람이 있단 걸 알게 됐다오 어느 날 그대를 만나서 나는 사랑을 했다오 그땐 심장을 떼 내고 버려도 안 되는 걸 몰랐다오"
"19","1412","서방님","3377","이소은","잊어요 괜한 걱정마요 예전에 내가 말했잖아요 그대 가는 길가에 핀 이름모를 꽃처럼 있는 모습 그대로 지켜줘요 괜한 욕심말아요 언제나 내가 말하잖아요 여기 그대 눈 멀게한 소녀의 고운 미소 그리 영원하진 않아요 서방님 내 서방님 용서하세요 허락하려 할 수록 소녀는 우스워질테니 노여워 말아요 견뎌내야죠 처음부터 잘못택했었던 그대의 잘못인거죠  미워요 괜한 투정이죠 사실 내맘도 병들어가고 있죠 늘 그대 볼 수 있게 이대로 눈을 감고 달이 되어 살고 싶어요 서방님 내 서방님 알아주세요 정든님 넓은 가슴 멍들게 할 주제 못되니 노여워 않아요 견뎌내야죠 처음부터 떨치지 못했던 소녀의 잘못인거죠  우리의 잘못인거죠 오 언제라도 그대뿐이에요서방님 내 서방님 용서하세요 시간이 끝에 닿아도무엇이 또 그누가 잘못이 있을지라도 다시 산다해도 그댈 따르겟어요노여워 말아요 기다려야죠 그땔 기다려요 우 그런날이 오겠죠처음부터 사랑해도 좋은 그런 날이 오겠죠"
"20","1412","뚝뚝뚝 With 예슬","31637","스탠딩 에그","비가 올 것 같아 왠지 그럴것만 같아 그냥 이런 느낌 들 때가 있어 날 스치고 지나간 바람에 실린 향기가 비를 불러올것만 같아 지나 갈 때마다 우산을 들고있는 날 한번씩은 모두 다 쳐다보고 가 하지만 난 알아 오늘이 지나가기 전에 비가 내려올거라는 걸 한방울씩 뚝뚝뚝 어깨위로 뚝뚝뚝 떨어질때면 다시 내 맘 또 설레잖아 하나둘씩 뚝뚝뚝 자꾸만 두근거리네 너와 함께했던 지난날처럼 네가 올 것 같아 왠지 그럴것만 같아 친구들은 모두 아니라해도 하지만 난 알아 이 비가 그치기 전에 네가 돌아올것만 같아 한방울씩 뚝뚝뚝 어깨위로 뚝뚝뚝 떨어질때면 다시 내 맘 또 설레잖아 하나둘씩 뚝뚝뚝 자꾸만 두근거리네 너를 기다리는 내 하루처럼 내 머리위로 뚝뚝뚝 내 손등위로 뚝뚝뚝 발걸음위로 뚝뚝 뚜루루뚜 뚜루루뚜 내 머리위로 뚝뚝뚝 내 손등위로 뚝뚝뚝 발걸음위로 뚝뚝 뚜루루뚜 뚜루루뚜 창 밖으로 뚝뚝뚝 거리 위로 뚝뚝뚝 번져만가네 너를 향한 내 마음처럼 온 세상에 뚝뚝뚝 자꾸만 두근거리네 너와 함께 했던 지난날처럼 한걸음씩 뚝뚝뚝 나에게로 뚝뚝뚝 걸어오면 돼 비가 내게 오는 것처럼 하나둘씩 뚝뚝뚝 자꾸만 두근거리네 우리 행복했던 지난날처럼 한방울씩 하나둘씩 설렘이 어깨위로 내린다"
"21","1412","아무 말 안해도 돼","3711","애즈원","살며시 웃을 때 넌 그럴 때가 이뻐 정신 나간 사람처럼 보일 거야 아마 아무런 말도 없이 너와 있어도 난 좋아 이대로 내 곁에 있어줘 아직은 너에게 난 부족하지만 오늘은 아무 말 안해도 돼 그저 옆에서 날 보며 웃어줘 언제나 변함없는 그런 네가 좋아 가끔은 바보처럼 보이겠지 그래 익숙한 이 떨림 너와 영원히 느끼고파 이대로 내 곁에 있어줘 아직은 너에게 난 부족하지만 오늘은 아무 말 안해도 돼 그저 옆에서 날 보며 웃어줘 예 이대로 너의 품에 안기고 싶어 난 잠이 들고파 네 옆에서 그저 네 곁에서 음 그렇게 날 보며 웃어줘 이대로 시간이 멈춰버렸으면 좋겠어 모든게 사라져가도 넌 그저 옆에서 날 보며 웃어줘 내 곁에서 날 보며 웃어줘 그저 옆에서 그저 내 곁에서"
"22","1412","Ring My Bell","35162","수지 SUZY","어디선가 날 부르는데 혹시 그대일까 괜히 설레이잖아 난 사실 오늘도 또 그대 생각에 숨겨둔 내 맘을 꺼내 놓고 바라만 보네 나 먼저 그댈 좋아한다고 말하면 멀어질까봐 내 맘을 숨기려 해도 나 이렇게 널 사랑하잖아 I wish ooh ooh ooh Ring My Bell I want you ooh ooh Ring My Bell 혹시라도 우리 만날 때마다 내 심장이 뛰는 소리가 들린다면 그대 아무 말 없이 나를 안아 주기를 그대 맘을 보여줘요 괜히 어색하지 않게 멋있게 다가와봐요 나 이렇게 널 기다리잖아 I wish ooh ooh ooh Ring My Bell I want you ooh ooh Ring My Bell 혹시라도 우리 만날 때마다 내 심장이 뛰는 소리가 들린다면 나를 안아 주기를 눈을 감아 봐도 언제나 그대 내 앞에 서 있기를 나만 사랑하기를 그대 I wish ooh ooh ooh Ring My Bell 그대 만을 기다리네 I want you ooh ooh Ring My Bell 언제라도 내가 보고 싶다면 한 걸음에 달려갈 텐데 들킬까봐 오늘도 난 이렇게 그대를 기다리네 나 그대를 사랑해"
"23","1412","행복한 나를","39015","Lim Kim","몇 번 인가 이별을 경험하고서 널 만났지 그래서 더 시작이 두려웠는지 몰라 하지만 누군 갈 알게 되고 사랑하게 되는 건 니가 마지막이라면 얼마나 좋을까 우 나처럼 바쁜 하루 중에도 잠시 네 목소리 들으면 함께 있는 것처럼 너도 느껴지는지 매일 밤 집으로 돌아갈 때 그 곳에 니가 있다면 힘든 하루 지친 니 마음이 내 품에 안겨 쉴 텐데 지금처럼만 날 사랑해줘 난 너만 변하지 않는다면 내 모든걸 가질 사람은 너뿐이야 난 흔들리지 않아 넌 가끔은 자신이 없는 미래를 미안해 하지만 잊지 말아줘 사랑해 너와 함께라면 이젠 행복한 나를 바쁜 하루 중에도 잠시 네 목소리 들으면 함께 있는 것처럼 너도 느껴지는지 매일 밤 집으로 돌아갈 때 그 곳에 니가 있다면 힘든 하루 지친 니 마음이 내 품에 안겨 쉴 텐데 지금처럼만 날 사랑해줘 난 너만 변하지 않는다면 내 모든걸 가질 사람은 너뿐이야 난 흔들리지 않아 넌 가끔은 자신이 없는 미래를 미안해 하지만 잊지 말아줘 사랑해 너와 함께라면 이젠 행복한 나를 난 많은 기대들로 세상이 정해 놓은 사랑을 버리고 니 마음처럼 난 늘 같은 자리에 또 하나의 니가 되고 싶어 소중한 널 위해 지금처럼만 사랑해줘 항상 너만 변하지 않으면 내 전불 가진 사람은 너뿐이야 난 흔들리지 않아 자신 없는 미래 넌 미안해 하고 있니 넌 이제 혼자가 아니야 이젠 잊지마 너와 함께라면 언제나 행복한 나를"
"24","1412","우주를 줄게","263471","볼빨간사춘기","커피를 너무 많이 마셨나 봐요 심장이 막 두근대고 잠은 잘 수가 없어요 한참 뒤에 별빛이 내리면 난 다시 잠들 순 없겠죠 지나간 새벽을 다 새면 다시 네 곁에 잠들겠죠 너의 품에 잠든 난 마치 천사가 된 것만 같아요 난 그대 품에 별빛을 쏟아 내리고 은하수를 만들어 어디든 날아가게 할거야 Cause Im a pilot anywhere Cause Im a pilot anywhere lighting star shooting star 줄게 내 Galaxy Cause Im a pilot anywhere Cause Im your pilot 네 곁에 저 별을 따 네게만 줄게 my Galaxy Like a star 내리는 비처럼 반짝이는 널 가지고 싶어 Get ma mind 엄지와 검지만 해도 내 마음을 너무 잘 표현해 붙어 안달 나니까 마냥 떨리기만 한 게 아냐 준비가 되면 쏘아 올린 인공위성처럼 네 주윌 마구 맴돌려 해 더 가까워진다면 네가 가져줄래 이 떨림을 어제는 내가 기분이 참 좋아서 지나간 행성에다가 그대 이름 새겨 놓았죠 한참 뒤에 별빛이 내리면 그 별이 가장 밝게 빛나요 지나간 새벽을 다 새면 다시 네 곁에 잠들겠죠 별빛 아래 잠든 난 마치 온 우주를 가진 것만 같아 난 그대 품에 별빛을 쏟아 내리고 은하수를 만들어 어디든 날아가게 할거야 Cause Im a pilot anywhere Cause Im a pilot anywhere Lighting star Shooting star 줄게 내 Galaxy Cause Im a pilot anywhere Cause Im your pilot 네 곁에 저 별을 따 네게만 줄게 my Galaxy Cause Im a pilot anywhere Cause Im a pilot anywhere Lighting star Shooting star 줄게 내 Galaxy Cause Im a pilot Im your pilot Lighting star Shooting star 줄게 my Galaxy la la la la la la la la la la la la"
"25","1412","24시간이 모자라","7485","권진아","24시간 woo 24시간 woo 시간이 너무나 빨리 가 너와의 하루가 일분 같아 난 미칠 것 같아 너에게 갈 때는 달려가 떠나야 할 때는 발이 안가 떨어지질 않아 널 보고 있으면 모든 걸 다 잊어버려 니가 나를 가득 채워 널 안고 있으면 모든 게 완벽해 이대로 영원히 있고 싶어 24시간이 모자라 너와 함께 있으면 너와 눈을 맞추면 24시간이 모자라 내가 너를 만지고 니가 나를 만지면 24시간 24시간 24시간 woo 처음 느껴본 감정이라서 끝없이 빠져 드는 게 무서워 하지만 그게 너라면 니가 나를 잡아주면 난 계속 가고 싶어 woo 24시간 24시간이 모자라 너와 함께 있으면 너와 눈을 맞추면 24시간이 모자라 내가 너를 만지고 니가 나를 만지면 woo 24시간 woo"
"26","1412","Love","8312","권진아","I can call it love My babe 나도 몰래 찾아 오는 설레임에 You can call it love 망설이지마 Gotta take you love for me yeah 매일 똑같은 지루함 속에 널 만나는걸 Girl Im feelin you I know you feel it too Cause 너의 눈 속에 언제부턴가 내 모습이 보이고 있어 어린아이 같은걸 숨길 수가 없는걸 두근거림조차 느껴져 I wanna be loved 내게 다가와 너의 손을 잡을게 내 눈에 너를 담을래 I can call it love My babe 나도 몰래 다가오는 설레임에 You can call it love 망설이지마 도망치지마 늘 곁에 있어줘 I can call it love My babe 나도 몰래 다가오는 설레임에 You can call it love You can call it love Gotta take you love for me yeah I can call it love My babe 나도 몰래 다가오는 설레임에 You can call it love 망설이지마 도망치지마 늘 곁에 있어줘 I can call it love My babe 나도 몰래 다가오는 설레임에 You can call it love You can call it love Gotta take you love for me yeah You can call it love You can call it love"
"27","1412","사랑을 시작해도 되겠습니까","6850","모던 쥬스","눈부신 태양을 한참동안 바라보다 눈을 감으면 아른거리는 오렌지빛 잔향처럼 어떡해 내 눈 안에 니가 들어와버린거야 눈을 감아도 환하게 웃던 니 모습이 남아 있는걸 혹시라도 느껴지니 온 몸에 따뜻한 온기를 꼭 터질 것 같은 가슴을 넌 느낄수 있겠니 조그맣게 들리니 뜨거운 내 심장이 뭘 말하고 싶나봐 사랑이 올 것 같다고 좋은 일만 생길 것 같아 수줍은 내 입술이 뭘 말하고 싶나봐 고백을 해도 되겠니 I wanna fall in love  간 주 중  널 보는 내 모든 게 하나 둘 씩 달라진거야 입가엔 항상 미소 가득한 웃음만이 남아 있을뿐 눈이 먼 사람 처럼 아무것도 보이지 않는 건 아마도 너라는 태양에 난 눈이 멀었나봐 조그맣게 들리니 뜨거운 내 심장이 뭘 말하고 싶나봐 사랑이 올 것 같다고 좋은 일만 생길 것 같아 수줍은 내 입술이 뭘 말하고 싶나봐 고백을 해도 되겠니 I wanna fall in love 저버린 내 맘을 빼앗겨 버린 맘을 다 너에게 주어도 아깝진 않을 것 같아 오랫동안 감춰두었던 아껴둔 내사랑을 다 모두 다 꺼낼게 그리고 고백을 할께 널 사랑한다고"
"28","1412","꿈처럼","119314","벤","나만 홀로 느낀 황홀함일까 그저 바라보는 시선이 무거워 맴도는 발걸음 여전히 네가 보고 싶어 i need your mind I remember 차가웠던 그 날 자꾸 떨리는 내 가슴이 혼자 울까봐 눈을뜨면 희미해져버릴 꿈처럼 놔줘 그게 아니면 곁에있어줘 무거워진 어깰 내게 보이며 미워하지도 못하게 막아선 너 따갑게 스치는 새벽에 네가 보고 싶어 i need your mind I remember 차가웠던 그 날 자꾸 떨리는 내 가슴이 혼자 울까봐 눈을뜨면 희미해져버릴 꿈처럼 놔줘 그게 아니면 곁에있어줘 울어서 좋을게 없는데 깊게 새긴 흔적이 서러워 혹시 몰라 그대가올까 봐 I remember 슬퍼보였던 날 자꾸 떨리는 내 어깨를 네가 볼까봐 눈을뜨면 희미해져버릴 꿈처럼 놔줘 그게 아니면 곁에있어줘 지금"
"29","1412","키친","7024","이소은","귀여운 에이프런 두르고서 니앞에 수줍게 말하지 오늘 널 위해 요리한다고 재료를 준비하는 내 손길은 바쁘고 마음만 급하고 너는 이런 날 귀엽다 하고 내 손으로 만든 저녁식탁을 선물하고 싶은걸 서투른 내 요리 솜씨에 실망하지마 그래 나도 처음이야 누구도 아냐 바로 너야 혹시라도 우리사이 멀어진다면 난 어떡해 그래 너를 갖고 싶어 누구도 줄수 없단 말야 바로 너란 이유로 변했어 사랑하고 싶어  저녁엔 산책 삼아 오른쪽엔 바구니 왼쪽엔 너의 팔 양쪽에 끼고 수퍼에 들러 시장을 보는거야 간식거릴 고르고 야채도 살피고 니가 좋아할 우유도사고 내 손으로 만든 저녁식탁을 선물하고 싶은걸 서투른 내 요리 솜씨에 실망하지마 그래 나도 처음이야 누구도 아냐 바로 너야 혹시라도 우리사이 멀어진다면 난 어떡해 그래 너를 갖고 싶어 누구도 줄수 없단 말야 바로 너란 이유로 변했어 사랑하고 싶어  우리 언젠가 매일 아침 단 둘이서만 나눌 기쁨 그래 나도 처음이야 누구도 아냐 바로 너야 혹시라도 우리사이 멀어진다면 난 어떡해 그래 너를 갖고 싶어 누구도 줄수 없단 말야 바로 너란 이유로 변했어 사랑하고 싶어 그렇게 우리는 달콤해 난 이대로 좋아"
"30","1412","좋아 좋아","10684","서영은","처음 널 만나는 날 노란 세송이 장미를 들고 룰루랄라 신촌을 향하는 내 가슴은 마냥 두근두근  생머리 휘날리며 나를 향해 손을 흔드는 너 머리에서 발끝까지 나를 사로잡네 이야에로  니가 좋아 너무 좋아 모든 걸 주고 싶어 너에게만은 내 마음 난 꾸미고 싶지 않아 언제까지언제까지 너와 함께너와 함께 있을꺼야 예이예 룰루랄라 신촌을 누비는 내 마음은 마냥 이야에로  여보세요 나의 천사 어떻게 내 마음을 훔쳤나요 괜찮아요 나의 천사 가져간 내 마음을 고이 간직해줘요  니가 좋아 너무 좋아 모든 걸 주고 싶어 너에게만은 내 마음 난 꾸미고 싶지 않아 언제까지언제까지 너와 함께너와함께 있을꺼야 예이예  니가 좋아 너무 좋아 모든 걸 주고 싶어 너에게만은 내 마음 난 꾸미고 싶지 않아 니가 좋아 너무 좋아 모든 걸 주고 싶어 니가 좋아 너무 좋아 모든 걸 주고 싶어 니가 좋아"
"31","1412","오르막길","98029","정인","이제부터 웃음기 사라질거야 가파른 이 길을 좀 봐 그래 오르기 전에 미소를 기억해두자 오랫동안 못 볼 지 몰라 완만했던 우리가 지나온 길엔 달콤한 사랑의 향기 이제 끈적이는 땀 거칠게 내쉬는 숨이 우리 유일한 대화일지 몰라 한걸음 이제 한걸음일 뿐 아득한 저 끝은 보지마 평온했던 길처럼 계속 나를 바라봐줘 그러면 견디겠어 사랑해 이 길 함께 가는 그대 굳이 고된 나를 택한 그대여 가끔 바람이 불 때만 저 먼 풍경을 바라봐 올라온 만큼 아름다운 우리 길 기억해 혹시 우리 손 놓쳐도 절대 당황하고 헤매지 마요 더 이상 오를 곳 없는 그 곳은 넓지 않아서 우린 결국엔 만나 오른다면 한 걸음 이제 한걸음일 뿐 아득한 저 끝은 보지마 평온했던 길처럼 계속 나를 바라봐줘 그러면 난 견디겠어 사랑해 이 길 함께 가는 그대여 굳이 고된 나를 택한 그대여 가끔 바람이 불 때만 저 먼 풍경을 바라봐 올라온 만큼 아름다운 우리 길 기억해 혹시 우리 손 놓쳐도 절대 당황하고 헤매지 마요 더 이상 오를 곳 없는 그 곳은 넓지 않아서 우린 결국엔 만나 크게 소리 쳐 사랑해요 저 끝까지"
"32","1412","이대로 멈춰","35434","유성은","언제부턴가 내 맘은 hu 초콜릿보다 달콤한 그대 곁에 멈춰 있죠 I know Its tonight 미치도록 아름다운 이 밤을 그대에게 맡겨요 음악은 틀지 말아요 그대 목소리가 노래야 촛불은 켜지 말아요 so love me down 이대로 멈춰 다시 오지 않을 이 밤 그대로 춤춰 이 공간 속에 나와 눈을 맞추고 I say 아아아아 아 그 흔적을 남겨줘요 I say no oh no oh 너의 여자가 될게 밤은 깊어가 별이 비추는 그대 눈빛은 나를 천국으로 데려가 전화는 받지 말아요 나의 심장소릴 느껴봐 시계는 보지 말아요 so slowly down 이대로 멈춰 다시 오지 않을 이 밤 그대로 춤춰 이 공간 속에 나와 눈을 맞추고 I say 아아아아 아 그 흔적을 남겨줘요 I say no oh no oh 너의 여자가 될게 아침이 내려 오기 전 끌어 안고 춤을 춰요 조금만 더 지금 이순간 마지막인 것처럼 Falling in love 이대로 멈춰 우리만의 이 밤 그대로 춤춰 이 공간 속에 나와 눈을 맞추고 I say 아아아아 아 그 흔적을 남겨줘요 I say no oh no oh 너의 여자가 될게 이대로 멈춰"
"33","1412","매일 그대와","20755","소진 Sojin","매일 그대와 아침 햇살 받으며 매일 그대와 눈을 뜨고파 매일 그대와 도란도란 둘이서 매일 그대와 얘기하고파 새벽 비 내리는 거리도 저녁놀 불타는 하늘도 우리를 둘러싼 모든 걸 같이 나누고파 매일 그대와 밤에 품에 안겨 매일 그대와 잠이 들고파 새벽 비 내리는 거리도 저녁놀 불타는 하늘도 우리를 둘러싼 모든 걸 같이 나누고파 매일 그대와 아침 햇살 받으며 매일 그대와 눈을 뜨고파 매일 그대와 잠이 들고파 매일 그대와 매일 그대와"
"34","1412","귀여운 넌","12088","정아 애프터스쿨","나만을 사랑해 달라면서 내 손을 지그시 깨무는 너 그 표정이 너무 사랑스러워 물가에 내논 어린애라며 자기 아님 난 안된다면서 그렇게 나를 안아주던 너 하지만 사랑이 식었다며 더 이상 보고싶지 않다며 하루종일 나를 못살게 해도 보고싶었단 내 한마디에 미안해 눈도 못 맞추는 미워도 미워할 수 없는 니가 너무 귀여워 난 그냥 너만을 사랑해 이런 내 맘 멈출수가 없어서 조금만 이 순간을 잡아보고싶어서 오늘밤에도 난 니가 너무 사랑스러워 정말 잠들 수가 없는 바보죠 날위해 요리를 해준다며 좋아하는 요리가 뭐냐며 하루종일 나를 귀찮게해도 정말 맛있단 내 한마디에 다시 듣고 싶다며 웃는 미워도 미워할 수 없는 니가 너무 귀여워 난 그냥 너만을 사랑해 이런 내 맘 멈출수가 없어서 조금만 이 순간을 잡아보고 싶어서 오늘 밤에도 난 니가 너무 사랑스러워 정말 잠들 수가 없는 바보죠 사랑한다는 말 한마디 내 마음을 들킬까 바보같이 난 화만 내고 그랬죠 내가 그랬죠 그대라는 사람 어깨에 언제까지 기대고 싶은 내 마음에 단 한사람 그대라는 걸 난 그냥 너만을 난 그냥 너만을 사랑해 이런 내맘 멈출 수가 없어서 조금만 이 순간을 잡아보고 싶어서 오늘 밤에도 난 니가 너무 사랑스러워 정말 잠들 수가 없는 바보죠  baby love baby love baby love oh Yeah"
"35","1412","Kissing U","3774","린","다가와 한 걸음만 더 My Love 나를 안아줘 저 햇살 아래 우리 둘이 너무 아름답잖아 내게 와 매일 밤 우리 My Love 사랑을 속삭여 서롤 닮아갈 그대와 내 모습 너무 눈부시잖아 나 그대만 보면 내 입술이 뜨거워 사랑한다는 말 참을 수 없어 그대 입술에 오늘도 난 Kissing U  불어와 그대의 숨결 꿈처럼 내게 흘러와 그대 품에서 잠드는 순간이 너무 행복하잖아 나 그대만 보면 내 입술이 뜨거워 사랑한다는 말 참을 수 없어 그대 입술에 오늘도 난 그대와 함께 영원하길 약속해 나만 바라보는 눈빛 따뜻하게 나를 안을 때마다 달콤하게 Kissing U 커피 향처럼 매일 기분 좋은 우리 사랑 늘 영원하길 그대 내 곁에 있기에 그 누구보다 나는 행복해 나 그대만 보면 내 입술이 뜨거워 사랑한다는 말 참을 수 없어 그대 입술에 오늘도 난 Kissing U 그대 영원하길 약속해 나만 바라보는 눈빛 따뜻하게 나를 안을 때마다 달콤하게 Kissing U"
